Day of sim.,Day of year,Year,Slurry mass,Frozen mass,Slurry depth,Air T,Wall T,Floor T,Slurry T
,,,(Mg = 1000 kg),(Mg = 1000 kg),(m),(deg. C),(deg. C),(deg. C),(deg. C)
day,doy,year,slurry_mass,frozen_mass,slurry_depth,air_temp,wall_temp,floor_temp,slurry_temp
   1,121,   1,  329.80,    0.00,    0.62,    9.43,    7.87,    0.00,    5.09
   2,122,   1,  329.80,    0.00,    0.62,    8.87,    7.83,    0.00,    5.23
   3,123,   1,  329.80,    0.00,    0.62,    9.40,    7.81,    0.00,    5.36
   4,124,   1,  329.80,    0.00,    0.62,    8.83,    7.79,    0.00,    5.48
   5,125,   1,  378.54,    0.00,    0.71,    8.20,    7.76,    0.00,    5.56
   6,126,   1,  378.54,    0.00,    0.71,    7.23,    7.74,    0.00,    5.60
   7,127,   1,  378.54,    0.00,    0.71,    8.40,    7.71,    0.00,    5.64
   8,128,   1,  378.54,    0.00,    0.71,   10.87,    7.69,    0.00,    5.76
   9,129,   1,  378.54,    0.00,    0.71,   15.13,    7.69,    0.00,    6.01
  10,130,   1,  378.54,    0.00,    0.71,   14.50,    7.68,    0.00,    6.32
  11,131,   1,  378.54,    0.00,    0.71,   12.03,    7.67,    0.00,    6.55
  12,132,   1,  427.27,    0.00,    0.80,    9.80,    7.65,    0.00,    6.66
  13,133,   1,  427.27,    0.00,    0.80,    9.73,    7.62,    0.00,    6.72
  14,134,   1,  427.27,    0.00,    0.80,    9.70,    7.60,    0.00,    6.77
  15,135,   1,  427.27,    0.00,    0.80,    9.93,    7.59,    0.00,    6.83
  16,136,   1,  427.27,    0.00,    0.80,   10.57,    7.57,    0.00,    6.89
  17,137,   1,  427.27,    0.00,    0.80,   10.97,    7.56,    0.00,    6.97
  18,138,   1,  427.27,    0.00,    0.80,   12.97,    7.56,    0.00,    7.10
  19,139,   1,  476.01,    0.00,    0.90,   13.47,    7.56,    0.00,    7.26
  20,140,   1,  476.01,    0.00,    0.90,   14.03,    7.57,    0.00,    7.41
  21,141,   1,  476.01,    0.00,    0.90,   13.73,    7.58,    0.00,    7.57
  22,142,   1,  476.01,    0.00,    0.90,   14.33,    7.60,    0.00,    7.72
  23,143,   1,  476.01,    0.00,    0.90,   15.23,    7.61,    0.00,    7.89
  24,144,   1,  476.01,    0.00,    0.90,   13.83,    7.62,    0.00,    8.04
  25,145,   1,  476.01,    0.00,    0.90,   12.37,    7.63,    0.00,    8.14
  26,146,   1,  524.74,    0.00,    0.99,   14.07,    7.64,    0.00,    8.23
  27,147,   1,  524.74,    0.00,    0.99,   13.70,    7.65,    0.00,    8.34
  28,148,   1,  524.74,    0.00,    0.99,   13.17,    7.66,    0.00,    8.43
  29,149,   1,  524.74,    0.00,    0.99,   13.20,    7.66,    0.00,    8.51
  30,150,   1,  524.74,    0.00,    0.99,   15.67,    7.67,    0.00,    8.62
  31,151,   1,  524.74,    0.00,    0.99,   17.23,    7.70,    0.00,    8.79
  32,152,   1,  524.74,    0.00,    0.99,   18.20,    7.73,    0.00,    9.00
  33,153,   1,  573.47,    0.00,    1.08,   20.80,    7.77,    0.00,    9.24
  34,154,   1,  573.47,    0.00,    1.08,   19.47,    7.81,    0.00,    9.48
  35,155,   1,  573.47,    0.00,    1.08,   18.67,    7.84,    0.00,    9.67
  36,156,   1,  573.47,    0.00,    1.08,   14.90,    7.86,    0.00,    9.79
  37,157,   1,  573.47,    0.00,    1.08,   13.70,    7.87,    0.00,    9.83
  38,158,   1,  573.47,    0.00,    1.08,   14.63,    7.88,    0.00,    9.88
  39,159,   1,  573.47,    0.00,    1.08,   15.40,    7.90,    0.00,    9.95
  40,160,   1,  622.21,    0.00,    1.17,   16.30,    7.92,    0.00,   10.03
  41,161,   1,  622.21,    0.00,    1.17,   16.80,    7.94,    0.00,   10.13
  42,162,   1,  622.21,    0.00,    1.17,   16.03,    7.95,    0.00,   10.22
  43,163,   1,  622.21,    0.00,    1.17,   15.47,    7.97,    0.00,   10.28
  44,164,   1,  622.21,    0.00,    1.17,   16.77,    8.00,    0.00,   10.36
  45,165,   1,  622.21,    0.00,    1.17,   19.17,    8.04,    0.00,   10.48
  46,166,   1,  622.21,    0.00,    1.17,   17.47,    8.08,    0.00,   10.60
  47,167,   1,  670.94,    0.00,    1.26,   19.23,    8.12,    0.00,   10.72
  48,168,   1,  670.94,    0.00,    1.26,   20.37,    8.16,    0.00,   10.87
  49,169,   1,  670.94,    0.00,    1.26,   20.70,    8.20,    0.00,   11.02
  50,170,   1,  670.94,    0.00,    1.26,   18.13,    8.24,    0.00,   11.14
  51,171,   1,  670.94,    0.00,    1.26,   17.53,    8.28,    0.00,   11.22
  52,172,   1,  670.94,    0.00,    1.26,   15.37,    8.31,    0.00,   11.27
  53,173,   1,  670.94,    0.00,    1.26,   16.67,    8.35,    0.00,   11.30
  54,174,   1,  719.67,    0.00,    1.36,   18.33,    8.39,    0.00,   11.37
  55,175,   1,  719.67,    0.00,    1.36,   19.97,    8.45,    0.00,   11.47
  56,176,   1,  719.67,    0.00,    1.36,   21.47,    8.51,    0.00,   11.60
  57,177,   1,  719.67,    0.00,    1.36,   20.97,    8.57,    0.00,   11.74
  58,178,   1,  719.67,    0.00,    1.36,   20.47,    8.62,    0.00,   11.86
  59,179,   1,  719.67,    0.00,    1.36,   19.70,    8.67,    0.00,   11.97
  60,180,   1,  719.67,    0.00,    1.36,   19.27,    8.71,    0.00,   12.05
  61,181,   1,  768.41,    0.00,    1.45,   16.90,    8.75,    0.00,   12.11
  62,182,   1,  768.41,    0.00,    1.45,   16.33,    8.79,    0.00,   12.12
  63,183,   1,  768.41,    0.00,    1.45,   17.27,    8.83,    0.00,   12.14
  64,184,   1,  768.41,    0.00,    1.45,   16.83,    8.87,    0.00,   12.17
  65,185,   1,  768.41,    0.00,    1.45,   17.40,    8.91,    0.00,   12.20
  66,186,   1,  768.41,    0.00,    1.45,   17.33,    8.94,    0.00,   12.23
  67,187,   1,  768.41,    0.00,    1.45,   17.43,    8.99,    0.00,   12.26
  68,188,   1,  817.14,    0.00,    1.54,   15.37,    9.03,    0.00,   12.26
  69,189,   1,  817.14,    0.00,    1.54,   15.50,    9.07,    0.00,   12.25
  70,190,   1,  817.14,    0.00,    1.54,   15.63,    9.11,    0.00,   12.25
  71,191,   1,  817.14,    0.00,    1.54,   16.60,    9.16,    0.00,   12.25
  72,192,   1,  817.14,    0.00,    1.54,   17.40,    9.20,    0.00,   12.27
  73,193,   1,  817.14,    0.00,    1.54,   16.87,    9.25,    0.00,   12.29
  74,194,   1,  817.14,    0.00,    1.54,   16.83,    9.29,    0.00,   12.31
  75,195,   1,  865.87,    0.00,    1.63,   17.23,    9.34,    0.00,   12.33
  76,196,   1,  865.87,    0.00,    1.63,   16.33,    9.39,    0.00,   12.34
  77,197,   1,  865.87,    0.00,    1.63,   16.53,    9.45,    0.00,   12.34
  78,198,   1,  865.87,    0.00,    1.63,   17.93,    9.51,    0.00,   12.36
  79,199,   1,  865.87,    0.00,    1.63,   19.17,    9.57,    0.00,   12.41
  80,200,   1,  865.87,    0.00,    1.63,   18.73,    9.63,    0.00,   12.46
  81,201,   1,  865.87,    0.00,    1.63,   18.17,    9.70,    0.00,   12.51
  82,202,   1,  914.61,    0.00,    1.72,   18.00,    9.76,    0.00,   12.54
  83,203,   1,  914.61,    0.00,    1.72,   17.80,    9.82,    0.00,   12.57
  84,204,   1,  914.61,    0.00,    1.72,   18.53,    9.88,    0.00,   12.60
  85,205,   1,  914.61,    0.00,    1.72,   21.00,    9.95,    0.00,   12.66
  86,206,   1,  914.61,    0.00,    1.72,   22.33,   10.03,    0.00,   12.75
  87,207,   1,  914.61,    0.00,    1.72,   21.83,   10.11,    0.00,   12.85
  88,208,   1,  914.61,    0.00,    1.72,   19.70,   10.18,    0.00,   12.92
  89,209,   1,  963.34,    0.00,    1.81,   18.50,   10.24,    0.00,   12.96
  90,210,   1,  963.34,    0.00,    1.81,   18.20,   10.28,    0.00,   12.98
  91,211,   1,  963.34,    0.00,    1.81,   18.33,   10.33,    0.00,   13.01
  92,212,   1,  963.34,    0.00,    1.81,   17.60,   10.37,    0.00,   13.02
  93,213,   1,  963.34,    0.00,    1.81,   19.60,   10.43,    0.00,   13.05
  94,214,   1,  963.34,    0.00,    1.81,   18.07,   10.47,    0.00,   13.08
  95,215,   1,  963.34,    0.00,    1.81,   16.23,   10.51,    0.00,   13.08
  96,216,   1, 1012.08,    0.00,    1.91,   16.87,   10.54,    0.00,   13.07
  97,217,   1, 1012.07,    0.00,    1.91,   18.47,   10.59,    0.00,   13.08
  98,218,   1, 1012.07,    0.00,    1.91,   19.50,   10.66,    0.00,   13.12
  99,219,   1, 1012.07,    0.00,    1.91,   19.47,   10.72,    0.00,   13.15
 100,220,   1, 1012.07,    0.00,    1.91,   19.83,   10.78,    0.00,   13.20
 101,221,   1, 1012.07,    0.00,    1.91,   20.97,   10.83,    0.00,   13.25
 102,222,   1, 1012.07,    0.00,    1.91,   21.23,   10.91,    0.00,   13.31
 103,223,   1, 1060.81,    0.00,    2.00,   20.57,   10.99,    0.00,   13.36
 104,224,   1, 1060.81,    0.00,    2.00,   20.67,   11.06,    0.00,   13.41
 105,225,   1, 1060.81,    0.00,    2.00,   19.53,   11.12,    0.00,   13.45
 106,226,   1, 1060.81,    0.00,    2.00,   19.70,   11.19,    0.00,   13.49
 107,227,   1, 1060.81,    0.00,    2.00,   19.87,   11.25,    0.00,   13.52
 108,228,   1, 1060.81,    0.00,    2.00,   18.60,   11.30,    0.00,   13.54
 109,229,   1, 1060.81,    0.00,    2.00,   18.20,   11.36,    0.00,   13.55
 110,230,   1, 1109.54,    0.00,    2.09,   17.50,   11.42,    0.00,   13.56
 111,231,   1, 1109.54,    0.00,    2.09,   17.07,   11.47,    0.00,   13.55
 112,232,   1, 1109.54,    0.00,    2.09,   18.10,   11.53,    0.00,   13.55
 113,233,   1, 1109.54,    0.00,    2.09,   19.07,   11.59,    0.00,   13.56
 114,234,   1, 1109.54,    0.00,    2.09,   19.33,   11.65,    0.00,   13.59
 115,235,   1, 1109.54,    0.00,    2.09,   18.33,   11.71,    0.00,   13.61
 116,236,   1, 1109.54,    0.00,    2.09,   18.23,   11.76,    0.00,   13.61
 117,237,   1, 1158.27,    0.00,    2.18,   17.97,   11.82,    0.00,   13.62
 118,238,   1, 1158.28,    0.00,    2.18,   18.90,   11.88,    0.00,   13.63
 119,239,   1, 1158.28,    0.00,    2.18,   18.63,   11.94,    0.00,   13.65
 120,240,   1, 1158.28,    0.00,    2.18,   18.43,   11.99,    0.00,   13.66
 121,241,   1, 1158.28,    0.00,    2.18,   16.93,   12.03,    0.00,   13.66
 122,242,   1, 1158.28,    0.00,    2.18,   16.33,   12.08,    0.00,   13.64
 123,243,   1, 1158.28,    0.00,    2.18,   17.07,   12.13,    0.00,   13.63
 124,244,   1, 1207.01,    0.00,    2.27,   15.80,   12.18,    0.00,   13.61
 125,245,   1, 1207.01,    0.00,    2.27,   15.23,   12.22,    0.00,   13.58
 126,246,   1, 1207.01,    0.00,    2.27,   15.80,   12.28,    0.00,   13.55
 127,247,   1, 1207.01,    0.00,    2.27,   15.57,   12.33,    0.00,   13.53
 128,248,   1, 1207.01,    0.00,    2.27,   15.43,   12.39,    0.00,   13.50
 129,249,   1, 1207.01,    0.00,    2.27,   15.10,   12.45,    0.00,   13.47
 130,250,   1, 1207.01,    0.00,    2.27,   15.43,   12.50,    0.00,   13.45
 131,251,   1, 1255.74,    0.00,    2.37,   15.93,   12.57,    0.00,   13.43
 132,252,   1, 1255.74,    0.00,    2.37,   16.13,   12.63,    0.00,   13.41
 133,253,   1, 1255.74,    0.00,    2.37,   16.23,   12.70,    0.00,   13.40
 134,254,   1, 1255.74,    0.00,    2.37,   15.47,   12.74,    0.00,   13.38
 135,255,   1, 1255.74,    0.00,    2.37,   16.00,   12.78,    0.00,   13.36
 136,256,   1, 1255.74,    0.00,    2.37,   15.07,   12.83,    0.00,   13.34
 137,257,   1, 1255.74,    0.00,    2.37,   15.63,   12.87,    0.00,   13.32
 138,258,   1, 1304.48,    0.00,    2.46,   16.87,   12.93,    0.00,   13.31
 139,259,   1, 1304.48,    0.00,    2.46,   16.93,   13.00,    0.00,   13.30
 140,260,   1, 1304.48,    0.00,    2.46,   15.30,   13.04,    0.00,   13.29
 141,261,   1, 1304.48,    0.00,    2.46,   13.23,   13.08,    0.00,   13.26
 142,262,   1, 1304.48,    0.00,    2.46,   13.83,   13.11,    0.00,   13.22
 143,263,   1, 1304.48,    0.00,    2.46,   13.07,   13.15,    0.00,   13.17
 144,264,   1, 1304.48,    0.00,    2.46,   14.17,   13.19,    0.00,   13.14
 145,265,   1, 1353.21,    0.00,    2.55,   15.57,   13.24,    0.00,   13.11
 146,266,   1, 1353.21,    0.00,    2.55,   15.30,   13.29,    0.00,   13.10
 147,267,   1, 1353.21,    0.00,    2.55,   16.37,   13.35,    0.00,   13.09
 148,268,   1, 1353.21,    0.00,    2.55,   15.30,   13.40,    0.00,   13.08
 149,269,   1, 1353.21,    0.00,    2.55,   14.83,   13.45,    0.00,   13.06
 150,270,   1, 1353.21,    0.00,    2.55,   14.57,   13.50,    0.00,   13.04
 151,271,   1, 1353.21,    0.00,    2.55,   14.57,   13.56,    0.00,   13.01
 152,272,   1, 1401.94,    0.00,    2.64,   13.20,   13.61,    0.00,   12.98
 153,273,   1, 1401.94,    0.00,    2.64,   13.90,   13.65,    0.00,   12.95
 154,274,   1, 1401.94,    0.00,    2.64,   14.63,   13.69,    0.00,   12.92
 155,275,   1, 1401.94,    0.00,    2.64,   12.67,   13.71,    0.00,   12.89
 156,276,   1, 1401.94,    0.00,    2.64,   12.40,   13.72,    0.00,   12.85
 157,277,   1, 1401.94,    0.00,    2.64,   12.23,   13.74,    0.00,   12.80
 158,278,   1, 1401.94,    0.00,    2.64,   11.50,   13.77,    0.00,   12.75
 159,279,   1, 1450.68,    0.00,    2.73,   11.17,   13.77,    0.00,   12.70
 160,280,   1, 1450.68,    0.00,    2.73,   11.07,   13.78,    0.00,   12.64
 161,281,   1, 1450.68,    0.00,    2.73,   12.10,   13.79,    0.00,   12.60
 162,282,   1, 1450.68,    0.00,    2.73,   11.53,   13.80,    0.00,   12.55
 163,283,   1, 1450.68,    0.00,    2.73,   11.50,   13.81,    0.00,   12.50
 164,284,   1, 1450.68,    0.00,    2.73,   11.73,   13.83,    0.00,   12.46
 165,285,   1, 1450.68,    0.00,    2.73,   10.63,   13.85,    0.00,   12.41
 166,286,   1, 1499.41,    0.00,    2.82,   11.93,   13.87,    0.00,   12.36
 167,287,   1, 1499.41,    0.00,    2.82,   12.77,   13.91,    0.00,   12.33
 168,288,   1, 1499.41,    0.00,    2.82,   11.57,   13.93,    0.00,   12.29
 169,289,   1, 1499.41,    0.00,    2.82,   10.93,   13.94,    0.00,   12.25
 170,290,   1, 1499.41,    0.00,    2.82,   10.90,   13.96,    0.00,   12.20
 171,291,   1, 1499.41,    0.00,    2.82,   10.37,   13.98,    0.00,   12.15
 172,292,   1, 1499.41,    0.00,    2.82,   12.37,   14.01,    0.00,   12.11
 173,293,   1, 1548.14,    0.00,    2.92,   11.97,   14.04,    0.00,   12.08
 174,294,   1, 1548.14,    0.00,    2.92,   11.27,   14.07,    0.00,   12.04
 175,295,   1, 1548.14,    0.00,    2.92,   11.73,   14.09,    0.00,   12.00
 176,296,   1, 1548.14,    0.00,    2.92,   10.90,   14.10,    0.00,   11.97
 177,297,   1, 1548.14,    0.00,    2.92,   11.50,   14.13,    0.00,   11.93
 178,298,   1, 1548.14,    0.00,    2.92,   12.80,   14.15,    0.00,   11.90
 179,299,   1, 1548.14,    0.00,    2.92,   13.70,   14.17,    0.00,   11.89
 180,300,   1, 1596.88,    0.00,    3.01,   11.10,   14.18,    0.00,   11.86
 181,301,   1, 1596.88,    0.00,    3.01,    9.27,   14.19,    0.00,   11.82
 182,302,   1, 1596.88,    0.00,    3.01,    9.70,   14.20,    0.00,   11.76
 183,303,   1, 1596.88,    0.00,    3.01,    9.07,   14.21,    0.00,   11.71
 184,304,   1, 1596.88,    0.00,    3.01,    9.73,   14.22,    0.00,   11.66
 185,305,   1, 1596.88,    0.00,    3.01,   10.17,   14.24,    0.00,   11.61
 186,306,   1, 1596.88,    0.00,    3.01,   11.50,   14.26,    0.00,   11.58
 187,307,   1, 1645.61,    0.00,    3.10,   10.43,   14.27,    0.00,   11.54
 188,308,   1, 1645.61,    0.00,    3.10,    8.43,   14.28,    0.00,   11.50
 189,309,   1, 1645.61,    0.00,    3.10,    7.87,   14.29,    0.00,   11.44
 190,310,   1, 1645.61,    0.00,    3.10,    8.17,   14.29,    0.00,   11.37
 191,311,   1, 1645.61,    0.00,    3.10,    8.70,   14.31,    0.00,   11.32
 192,312,   1, 1645.61,    0.00,    3.10,    6.60,   14.30,    0.00,   11.26
 193,313,   1, 1645.61,    0.00,    3.10,    7.80,   14.31,    0.00,   11.19
 194,314,   1, 1694.34,    0.00,    3.19,    7.80,   14.31,    0.00,   11.13
 195,315,   1, 1694.34,    0.00,    3.19,    9.10,   14.31,    0.00,   11.08
 196,316,   1, 1694.34,    0.00,    3.19,    8.00,   14.30,    0.00,   11.03
 197,317,   1, 1694.34,    0.00,    3.19,    9.03,   14.30,    0.00,   10.98
 198,318,   1, 1694.34,    0.00,    3.19,    8.30,   14.30,    0.00,   10.94
 199,319,   1, 1694.34,    0.00,    3.19,    7.77,   14.30,    0.00,   10.89
 200,320,   1, 1694.34,    0.00,    3.19,    7.23,   14.31,    0.00,   10.83
 201,321,   1, 1743.08,    0.00,    3.28,    7.70,   14.31,    0.00,   10.77
 202,322,   1, 1743.08,    0.00,    3.28,    9.53,   14.33,    0.00,   10.73
 203,323,   1, 1743.08,    0.00,    3.28,    9.77,   14.34,    0.00,   10.70
 204,324,   1, 1743.08,    0.00,    3.28,    6.60,   14.33,    0.00,   10.65
 205,325,   1, 1743.08,    0.00,    3.28,    5.67,   14.31,    0.00,   10.59
 206,326,   1, 1743.08,    0.00,    3.28,    6.33,   14.29,    0.00,   10.52
 207,327,   1, 1743.08,    0.00,    3.28,    7.10,   14.27,    0.00,   10.47
 208,328,   1, 1791.81,    0.00,    3.37,    5.67,   14.26,    0.00,   10.41
 209,329,   1, 1791.81,    0.00,    3.37,    6.87,   14.26,    0.00,   10.35
 210,330,   1, 1791.81,    0.00,    3.37,    6.90,   14.26,    0.00,   10.30
 211,331,   1, 1791.81,    0.00,    3.37,    7.40,   14.26,    0.00,   10.25
 212,332,   1, 1791.81,    0.00,    3.37,    5.93,   14.26,    0.00,   10.19
 213,333,   1, 1791.81,    0.00,    3.37,    4.27,   14.25,    0.00,   10.13
 214,334,   1, 1791.81,    0.00,    3.37,    3.47,   14.22,    0.00,   10.05
 215,335,   1, 1840.54,    0.00,    3.47,    3.53,   14.19,    0.00,    9.97
 216,336,   1, 1840.55,    0.00,    3.47,    4.97,   14.16,    0.00,    9.90
 217,337,   1, 1840.55,    0.00,    3.47,    4.73,   14.13,    0.00,    9.83
 218,338,   1, 1840.55,    0.00,    3.47,    3.90,   14.09,    0.00,    9.76
 219,339,   1, 1840.55,    0.00,    3.47,    3.63,   14.05,    0.00,    9.69
 220,340,   1, 1840.55,    0.00,    3.47,    3.63,   14.01,    0.00,    9.62
 221,341,   1, 1840.55,    0.00,    3.47,    5.07,   13.98,    0.00,    9.55
 222,342,   1, 1889.28,    0.00,    3.56,    6.20,   13.95,    0.00,    9.50
 223,343,   1, 1889.28,    0.00,    3.56,    3.97,   13.92,    0.00,    9.44
 224,344,   1, 1889.28,    0.00,    3.56,    3.03,   13.89,    0.00,    9.37
 225,345,   1, 1889.28,    0.00,    3.56,    3.77,   13.86,    0.00,    9.30
 226,346,   1, 1889.28,    0.00,    3.56,    5.33,   13.84,    0.00,    9.24
 227,347,   1, 1889.28,    0.00,    3.56,    7.00,   13.83,    0.00,    9.20
 228,348,   1, 1889.28,    0.00,    3.56,    7.30,   13.82,    0.00,    9.17
 229,349,   1, 1938.01,    0.00,    3.65,    8.87,   13.81,    0.00,    9.14
 230,350,   1, 1938.01,    0.00,    3.65,    7.40,   13.81,    0.00,    9.12
 231,351,   1, 1938.01,    0.00,    3.65,    8.27,   13.80,    0.00,    9.10
 232,352,   1, 1938.01,    0.00,    3.65,    7.30,   13.80,    0.00,    9.07
 233,353,   1, 1938.01,    0.00,    3.65,    8.43,   13.80,    0.00,    9.05
 234,354,   1, 1938.01,    0.00,    3.65,    7.37,   13.80,    0.00,    9.03
 235,355,   1, 1938.01,    0.00,    3.65,    4.53,   13.78,    0.00,    8.98
 236,356,   1, 1986.75,    0.00,    3.74,    4.43,   13.75,    0.00,    8.93
 237,357,   1, 1986.75,    0.00,    3.74,    6.93,   13.72,    0.00,    8.89
 238,358,   1, 1986.75,    0.00,    3.74,    9.00,   13.69,    0.00,    8.87
 239,359,   1, 1986.75,    0.00,    3.74,    4.07,   13.66,    0.00,    8.84
 240,360,   1, 1986.75,    0.00,    3.74,    2.67,   13.63,    0.00,    8.77
 241,361,   1, 1986.75,    0.00,    3.74,    4.47,   13.60,    0.00,    8.72
 242,362,   1, 1986.75,    0.00,    3.74,    4.57,   13.58,    0.00,    8.67
 243,363,   1, 2035.48,    0.00,    3.83,    4.77,   13.56,    0.00,    8.62
 244,364,   1, 2035.48,    0.00,    3.83,    7.07,   13.54,    0.00,    8.58
 245,365,   1, 2035.48,    0.00,    3.83,    7.07,   13.53,    0.00,    8.56
 246,  1,   2, 2035.48,    0.00,    3.83,    3.83,   13.49,    0.00,    8.52
 247,  2,   2, 2035.48,    0.00,    3.83,    4.30,   13.45,    0.00,    8.47
 248,  3,   2, 2035.48,    0.00,    3.83,    4.97,   13.41,    0.00,    8.43
 249,  4,   2, 2035.48,    0.00,    3.83,    4.87,   13.37,    0.00,    8.39
 250,  5,   2, 2084.21,    0.00,    3.93,    5.60,   13.33,    0.00,    8.35
 251,  6,   2, 2084.21,    0.00,    3.93,    4.83,   13.28,    0.00,    8.31
 252,  7,   2, 2084.21,    0.00,    3.93,    5.30,   13.25,    0.00,    8.27
 253,  8,   2, 2084.21,    0.00,    3.93,    6.20,   13.22,    0.00,    8.24
 254,  9,   2, 2084.21,    0.00,    3.93,    5.27,   13.18,    0.00,    8.21
 255, 10,   2, 2084.21,    0.00,    3.93,    3.80,   13.14,    0.00,    8.17
 256, 11,   2, 2084.21,    0.00,    3.93,    5.93,   13.10,    0.00,    8.13
 257, 12,   2, 2132.95,    0.00,    4.02,    6.77,   13.08,    0.00,    8.10
 258, 13,   2, 2132.95,    0.00,    4.02,    7.00,   13.04,    0.00,    8.08
 259, 14,   2, 2132.95,    0.00,    4.02,    5.63,   12.99,    0.00,    8.06
 260, 15,   2, 2132.95,    0.00,    4.02,    5.67,   12.93,    0.00,    8.03
 261, 16,   2, 2132.95,    0.00,    4.02,    4.70,   12.86,    0.00,    8.00
 262, 17,   2, 2132.95,    0.00,    4.02,    4.87,   12.80,    0.00,    7.96
 263, 18,   2, 2132.95,    0.00,    4.02,    2.97,   12.73,    0.00,    7.91
 264, 19,   2, 2181.68,    0.00,    4.11,    3.27,   12.68,    0.00,    7.86
 265, 20,   2, 2181.68,    0.00,    4.11,    3.10,   12.63,    0.00,    7.82
 266, 21,   2, 2181.68,    0.00,    4.11,    1.93,   12.58,    0.00,    7.76
 267, 22,   2, 2181.68,    0.00,    4.11,    2.23,   12.52,    0.00,    7.71
 268, 23,   2, 2181.68,    0.00,    4.11,    1.97,   12.45,    0.00,    7.65
 269, 24,   2, 2181.68,    0.00,    4.11,    0.90,   12.39,    0.00,    7.59
 270, 25,   2, 2181.68,    0.00,    4.11,    1.70,   12.32,    0.00,    7.53
 271, 26,   2, 2230.41,    0.00,    4.20,    5.73,   12.28,    0.00,    7.49
 272, 27,   2, 2230.41,    0.00,    4.20,    6.23,   12.23,    0.00,    7.47
 273, 28,   2, 2230.41,    0.00,    4.20,    4.80,   12.17,    0.00,    7.44
 274, 29,   2, 2230.41,    0.00,    4.20,    5.00,   12.12,    0.00,    7.41
 275, 30,   2, 2230.41,    0.00,    4.20,    3.20,   12.05,    0.00,    7.38
 276, 31,   2, 2230.41,    0.00,    4.20,    2.77,   11.97,    0.00,    7.33
 277, 32,   2, 2230.41,    0.00,    4.20,    4.13,   11.90,    0.00,    7.29
 278, 33,   2, 2279.15,    0.00,    4.29,    5.17,   11.84,    0.00,    7.27
 279, 34,   2, 2279.15,    0.00,    4.29,    6.53,   11.79,    0.00,    7.25
 280, 35,   2, 2279.15,    0.00,    4.29,    4.60,   11.74,    0.00,    7.22
 281, 36,   2, 2279.15,    0.00,    4.29,    5.20,   11.69,    0.00,    7.20
 282, 37,   2, 2279.15,    0.00,    4.29,    4.23,   11.63,    0.00,    7.17
 283, 38,   2, 2279.15,    0.00,    4.29,    2.53,   11.55,    0.00,    7.13
 284, 39,   2, 2279.15,    0.00,    4.29,    3.13,   11.47,    0.00,    7.09
 285, 40,   2, 2327.88,    0.00,    4.38,    4.77,   11.40,    0.00,    7.06
 286, 41,   2, 2327.88,    0.00,    4.38,    3.57,   11.33,    0.00,    7.03
 287, 42,   2, 2327.88,    0.00,    4.38,    2.20,   11.25,    0.00,    6.98
 288, 43,   2, 2327.88,    0.00,    4.38,    1.67,   11.17,    0.00,    6.94
 289, 44,   2, 2327.88,    0.00,    4.38,    2.10,   11.11,    0.00,    6.89
 290, 45,   2, 2327.88,    0.00,    4.38,    3.73,   11.05,    0.00,    6.85
 291, 46,   2, 2327.88,    0.00,    4.38,    6.57,   11.01,    0.00,    6.83
 292, 47,   2, 2376.61,    0.00,    4.48,    8.40,   10.97,    0.00,    6.83
 293, 48,   2, 2376.62,    0.00,    4.48,    8.10,   10.93,    0.00,    6.83
 294, 49,   2, 2376.62,    0.00,    4.48,    7.63,   10.89,    0.00,    6.83
 295, 50,   2, 2376.62,    0.00,    4.48,    6.87,   10.84,    0.00,    6.83
 296, 51,   2, 2376.62,    0.00,    4.48,    9.23,   10.81,    0.00,    6.84
 297, 52,   2, 2376.62,    0.00,    4.48,    8.73,   10.78,    0.00,    6.85
 298, 53,   2, 2376.62,    0.00,    4.48,   10.17,   10.76,    0.00,    6.86
 299, 54,   2, 2425.35,    0.00,    4.57,    9.67,   10.73,    0.00,    6.88
 300, 55,   2, 2425.35,    0.00,    4.57,    9.13,   10.69,    0.00,    6.89
 301, 56,   2, 2425.35,    0.00,    4.57,    8.43,   10.66,    0.00,    6.90
 302, 57,   2, 2425.35,    0.00,    4.57,    5.90,   10.61,    0.00,    6.89
 303, 58,   2, 2425.35,    0.00,    4.57,    5.50,   10.56,    0.00,    6.88
 304, 59,   2, 2425.35,    0.00,    4.57,    5.43,   10.51,    0.00,    6.86
 305, 60,   2, 2425.35,    0.00,    4.57,    6.83,   10.47,    0.00,    6.85
 306, 61,   2, 2474.08,    0.00,    4.66,    7.03,   10.42,    0.00,    6.84
 307, 62,   2, 2474.08,    0.00,    4.66,    7.07,   10.37,    0.00,    6.83
 308, 63,   2, 2474.08,    0.00,    4.66,    5.80,   10.31,    0.00,    6.82
 309, 64,   2, 2474.08,    0.00,    4.66,    5.30,   10.25,    0.00,    6.81
 310, 65,   2, 2474.08,    0.00,    4.66,    5.40,   10.20,    0.00,    6.79
 311, 66,   2, 2474.08,    0.00,    4.66,    5.60,   10.14,    0.00,    6.77
 312, 67,   2, 2474.08,    0.00,    4.66,    6.60,   10.09,    0.00,    6.76
 313, 68,   2, 2522.81,    0.00,    4.75,    7.53,   10.03,    0.00,    6.75
 314, 69,   2, 2522.82,    0.00,    4.75,    6.43,    9.96,    0.00,    6.75
 315, 70,   2, 2522.82,    0.00,    4.75,    8.30,    9.90,    0.00,    6.75
 316, 71,   2, 2522.82,    0.00,    4.75,    8.30,    9.85,    0.00,    6.75
 317, 72,   2, 2522.82,    0.00,    4.75,    7.53,    9.81,    0.00,    6.75
 318, 73,   2, 2522.82,    0.00,    4.75,    7.17,    9.76,    0.00,    6.75
 319, 74,   2, 2522.82,    0.00,    4.75,    7.60,    9.71,    0.00,    6.75
 320, 75,   2, 2571.55,    0.00,    4.84,    8.40,    9.67,    0.00,    6.75
 321, 76,   2, 2571.55,    0.00,    4.84,    6.53,    9.61,    0.00,    6.75
 322, 77,   2, 2571.55,    0.00,    4.84,    6.03,    9.56,    0.00,    6.73
 323, 78,   2, 2571.55,    0.00,    4.84,    6.60,    9.52,    0.00,    6.72
 324, 79,   2, 2571.55,    0.00,    4.84,    7.30,    9.48,    0.00,    6.72
 325, 80,   2, 2571.55,    0.00,    4.84,    6.97,    9.43,    0.00,    6.71
 326, 81,   2, 2571.55,    0.00,    4.84,    6.60,    9.37,    0.00,    6.71
 327, 82,   2, 2620.28,    0.00,    4.94,    6.40,    9.31,    0.00,    6.70
 328, 83,   2, 2620.28,    0.00,    4.94,    5.63,    9.25,    0.00,    6.69
 329, 84,   2, 2620.28,    0.00,    4.94,    6.93,    9.19,    0.00,    6.68
 330, 85,   2, 2620.28,    0.00,    4.94,    7.50,    9.13,    0.00,    6.67
 331, 86,   2, 2620.28,    0.00,    4.94,    7.60,    9.07,    0.00,    6.67
 332, 87,   2, 2620.28,    0.00,    4.94,    8.90,    9.02,    0.00,    6.68
 333, 88,   2, 2620.28,    0.00,    4.94,    9.57,    8.98,    0.00,    6.69
 334, 89,   2, 2669.02,    0.00,    5.03,    9.07,    8.93,    0.00,    6.70
 335, 90,   2, 2669.02,    0.00,    5.03,    8.60,    8.88,    0.00,    6.71
 336, 91,   2,  133.45,    0.00,    0.25,    6.93,    8.83,    0.00,    6.63
 337, 92,   2,  133.45,    0.00,    0.25,    6.17,    8.78,    0.00,    6.43
 338, 93,   2,  133.45,    0.00,    0.25,    6.77,    8.73,    0.00,    6.25
 339, 94,   2,  133.45,    0.00,    0.25,    6.17,    8.68,    0.00,    6.10
 340, 95,   2,  133.45,    0.00,    0.25,    6.43,    8.63,    0.00,    5.95
 341, 96,   2,  182.18,    0.00,    0.34,    8.57,    8.58,    0.00,    5.97
 342, 97,   2,  182.18,    0.00,    0.34,   10.93,    8.55,    0.00,    6.17
 343, 98,   2,  182.18,    0.00,    0.34,   10.67,    8.51,    0.00,    6.44
 344, 99,   2,  182.18,    0.00,    0.34,   10.80,    8.48,    0.00,    6.67
 345,100,   2,  182.18,    0.00,    0.34,    8.10,    8.44,    0.00,    6.76
 346,101,   2,  182.18,    0.00,    0.34,    7.27,    8.39,    0.00,    6.70
 347,102,   2,  182.18,    0.00,    0.34,    7.00,    8.33,    0.00,    6.60
 348,103,   2,  230.92,    0.00,    0.43,    7.03,    8.28,    0.00,    6.50
 349,104,   2,  230.92,    0.00,    0.43,    5.93,    8.24,    0.00,    6.39
 350,105,   2,  230.92,    0.00,    0.43,    7.30,    8.20,    0.00,    6.31
 351,106,   2,  230.92,    0.00,    0.43,    9.17,    8.16,    0.00,    6.34
 352,107,   2,  230.92,    0.00,    0.43,   10.93,    8.14,    0.00,    6.49
 353,108,   2,  230.92,    0.00,    0.43,   11.87,    8.13,    0.00,    6.72
 354,109,   2,  230.92,    0.00,    0.43,   12.43,    8.11,    0.00,    6.98
 355,110,   2,  279.65,    0.00,    0.53,   13.60,    8.10,    0.00,    7.26
 356,111,   2,  279.65,    0.00,    0.53,   11.97,    8.09,    0.00,    7.47
 357,112,   2,  279.65,    0.00,    0.53,   12.53,    8.08,    0.00,    7.64
 358,113,   2,  279.65,    0.00,    0.53,   12.67,    8.06,    0.00,    7.81
 359,114,   2,  279.65,    0.00,    0.53,   13.37,    8.05,    0.00,    8.00
 360,115,   2,  279.65,    0.00,    0.53,   10.57,    8.03,    0.00,    8.10
 361,116,   2,  279.65,    0.00,    0.53,    9.93,    8.00,    0.00,    8.10
 362,117,   2,  328.39,    0.00,    0.62,    9.33,    7.97,    0.00,    8.07
 363,118,   2,  328.39,    0.00,    0.62,   10.80,    7.95,    0.00,    8.07
 364,119,   2,  328.39,    0.00,    0.62,    9.17,    7.93,    0.00,    8.06
 365,120,   2,  329.80,    0.00,    0.62,   10.03,    7.90,    0.00,    8.03
 366,121,   2,  329.80,    0.00,    0.62,    9.43,    7.87,    0.00,    8.01
 367,122,   2,  329.80,    0.00,    0.62,    8.87,    7.83,    0.00,    7.96
 368,123,   2,  329.80,    0.00,    0.62,    9.40,    7.81,    0.00,    7.92
 369,124,   2,  329.80,    0.00,    0.62,    8.83,    7.79,    0.00,    7.88
 370,125,   2,  378.54,    0.00,    0.71,    8.20,    7.76,    0.00,    7.81
 371,126,   2,  378.54,    0.00,    0.71,    7.23,    7.74,    0.00,    7.72
 372,127,   2,  378.54,    0.00,    0.71,    8.40,    7.71,    0.00,    7.65
 373,128,   2,  378.54,    0.00,    0.71,   10.87,    7.69,    0.00,    7.65
 374,129,   2,  378.54,    0.00,    0.71,   15.13,    7.69,    0.00,    7.80
 375,130,   2,  378.54,    0.00,    0.71,   14.50,    7.68,    0.00,    8.01
 376,131,   2,  378.54,    0.00,    0.71,   12.03,    7.67,    0.00,    8.13
 377,132,   2,  427.27,    0.00,    0.80,    9.80,    7.65,    0.00,    8.16
 378,133,   2,  427.27,    0.00,    0.80,    9.73,    7.62,    0.00,    8.14
 379,134,   2,  427.27,    0.00,    0.80,    9.70,    7.60,    0.00,    8.13
 380,135,   2,  427.27,    0.00,    0.80,    9.93,    7.59,    0.00,    8.11
 381,136,   2,  427.27,    0.00,    0.80,   10.57,    7.57,    0.00,    8.11
 382,137,   2,  427.27,    0.00,    0.80,   10.97,    7.56,    0.00,    8.13
 383,138,   2,  427.27,    0.00,    0.80,   12.97,    7.56,    0.00,    8.20
 384,139,   2,  476.01,    0.00,    0.90,   13.47,    7.56,    0.00,    8.30
 385,140,   2,  476.01,    0.00,    0.90,   14.03,    7.57,    0.00,    8.41
 386,141,   2,  476.01,    0.00,    0.90,   13.73,    7.58,    0.00,    8.52
 387,142,   2,  476.01,    0.00,    0.90,   14.33,    7.60,    0.00,    8.63
 388,143,   2,  476.01,    0.00,    0.90,   15.23,    7.61,    0.00,    8.76
 389,144,   2,  476.01,    0.00,    0.90,   13.83,    7.62,    0.00,    8.87
 390,145,   2,  476.01,    0.00,    0.90,   12.37,    7.63,    0.00,    8.93
 391,146,   2,  524.74,    0.00,    0.99,   14.07,    7.64,    0.00,    8.99
 392,147,   2,  524.74,    0.00,    0.99,   13.70,    7.65,    0.00,    9.06
 393,148,   2,  524.74,    0.00,    0.99,   13.17,    7.66,    0.00,    9.12
 394,149,   2,  524.74,    0.00,    0.99,   13.20,    7.66,    0.00,    9.17
 395,150,   2,  524.74,    0.00,    0.99,   15.67,    7.67,    0.00,    9.26
 396,151,   2,  524.74,    0.00,    0.99,   17.23,    7.70,    0.00,    9.41
 397,152,   2,  524.74,    0.00,    0.99,   18.20,    7.73,    0.00,    9.58
 398,153,   2,  573.47,    0.00,    1.08,   20.80,    7.77,    0.00,    9.80
 399,154,   2,  573.47,    0.00,    1.08,   19.47,    7.81,    0.00,   10.02
 400,155,   2,  573.47,    0.00,    1.08,   18.67,    7.84,    0.00,   10.19
 401,156,   2,  573.47,    0.00,    1.08,   14.90,    7.86,    0.00,   10.29
 402,157,   2,  573.47,    0.00,    1.08,   13.70,    7.87,    0.00,   10.31
 403,158,   2,  573.47,    0.00,    1.08,   14.63,    7.88,    0.00,   10.34
 404,159,   2,  573.47,    0.00,    1.08,   15.40,    7.90,    0.00,   10.39
 405,160,   2,  622.21,    0.00,    1.17,   16.30,    7.92,    0.00,   10.46
 406,161,   2,  622.21,    0.00,    1.17,   16.80,    7.94,    0.00,   10.54
 407,162,   2,  622.21,    0.00,    1.17,   16.03,    7.95,    0.00,   10.61
 408,163,   2,  622.21,    0.00,    1.17,   15.47,    7.97,    0.00,   10.67
 409,164,   2,  622.21,    0.00,    1.17,   16.77,    8.00,    0.00,   10.73
 410,165,   2,  622.21,    0.00,    1.17,   19.17,    8.04,    0.00,   10.84
 411,166,   2,  622.21,    0.00,    1.17,   17.47,    8.08,    0.00,   10.95
 412,167,   2,  670.94,    0.00,    1.26,   19.23,    8.12,    0.00,   11.05
 413,168,   2,  670.94,    0.00,    1.26,   20.37,    8.16,    0.00,   11.19
 414,169,   2,  670.94,    0.00,    1.26,   20.70,    8.20,    0.00,   11.33
 415,170,   2,  670.94,    0.00,    1.26,   18.13,    8.24,    0.00,   11.44
 416,171,   2,  670.94,    0.00,    1.26,   17.53,    8.28,    0.00,   11.51
 417,172,   2,  670.94,    0.00,    1.26,   15.37,    8.31,    0.00,   11.55
 418,173,   2,  670.94,    0.00,    1.26,   16.67,    8.35,    0.00,   11.57
 419,174,   2,  719.67,    0.00,    1.36,   18.33,    8.39,    0.00,   11.63
 420,175,   2,  719.67,    0.00,    1.36,   19.97,    8.45,    0.00,   11.73
 421,176,   2,  719.67,    0.00,    1.36,   21.47,    8.51,    0.00,   11.85
 422,177,   2,  719.67,    0.00,    1.36,   20.97,    8.57,    0.00,   11.98
 423,178,   2,  719.67,    0.00,    1.36,   20.47,    8.62,    0.00,   12.09
 424,179,   2,  719.67,    0.00,    1.36,   19.70,    8.67,    0.00,   12.19
 425,180,   2,  719.67,    0.00,    1.36,   19.27,    8.71,    0.00,   12.27
 426,181,   2,  768.41,    0.00,    1.45,   16.90,    8.75,    0.00,   12.32
 427,182,   2,  768.41,    0.00,    1.45,   16.33,    8.79,    0.00,   12.33
 428,183,   2,  768.41,    0.00,    1.45,   17.27,    8.83,    0.00,   12.34
 429,184,   2,  768.41,    0.00,    1.45,   16.83,    8.87,    0.00,   12.36
 430,185,   2,  768.41,    0.00,    1.45,   17.40,    8.91,    0.00,   12.38
 431,186,   2,  768.41,    0.00,    1.45,   17.33,    8.94,    0.00,   12.41
 432,187,   2,  768.41,    0.00,    1.45,   17.43,    8.99,    0.00,   12.43
 433,188,   2,  817.14,    0.00,    1.54,   15.37,    9.03,    0.00,   12.43
 434,189,   2,  817.14,    0.00,    1.54,   15.50,    9.07,    0.00,   12.42
 435,190,   2,  817.14,    0.00,    1.54,   15.63,    9.11,    0.00,   12.41
 436,191,   2,  817.14,    0.00,    1.54,   16.60,    9.16,    0.00,   12.41
 437,192,   2,  817.14,    0.00,    1.54,   17.40,    9.20,    0.00,   12.42
 438,193,   2,  817.14,    0.00,    1.54,   16.87,    9.25,    0.00,   12.44
 439,194,   2,  817.14,    0.00,    1.54,   16.83,    9.29,    0.00,   12.45
 440,195,   2,  865.87,    0.00,    1.63,   17.23,    9.34,    0.00,   12.47
 441,196,   2,  865.87,    0.00,    1.63,   16.33,    9.39,    0.00,   12.47
 442,197,   2,  865.87,    0.00,    1.63,   16.53,    9.45,    0.00,   12.48
 443,198,   2,  865.87,    0.00,    1.63,   17.93,    9.51,    0.00,   12.49
 444,199,   2,  865.87,    0.00,    1.63,   19.17,    9.57,    0.00,   12.54
 445,200,   2,  865.87,    0.00,    1.63,   18.73,    9.63,    0.00,   12.59
 446,201,   2,  865.87,    0.00,    1.63,   18.17,    9.70,    0.00,   12.62
 447,202,   2,  914.61,    0.00,    1.72,   18.00,    9.76,    0.00,   12.66
 448,203,   2,  914.61,    0.00,    1.72,   17.80,    9.82,    0.00,   12.68
 449,204,   2,  914.61,    0.00,    1.72,   18.53,    9.88,    0.00,   12.71
 450,205,   2,  914.61,    0.00,    1.72,   21.00,    9.95,    0.00,   12.77
 451,206,   2,  914.61,    0.00,    1.72,   22.33,   10.03,    0.00,   12.86
 452,207,   2,  914.61,    0.00,    1.72,   21.83,   10.11,    0.00,   12.95
 453,208,   2,  914.61,    0.00,    1.72,   19.70,   10.18,    0.00,   13.02
 454,209,   2,  963.34,    0.00,    1.81,   18.50,   10.24,    0.00,   13.06
 455,210,   2,  963.34,    0.00,    1.81,   18.20,   10.28,    0.00,   13.08
 456,211,   2,  963.34,    0.00,    1.81,   18.33,   10.33,    0.00,   13.10
 457,212,   2,  963.34,    0.00,    1.81,   17.60,   10.37,    0.00,   13.11
 458,213,   2,  963.34,    0.00,    1.81,   19.60,   10.43,    0.00,   13.14
 459,214,   2,  963.34,    0.00,    1.81,   18.07,   10.47,    0.00,   13.17
 460,215,   2,  963.34,    0.00,    1.81,   16.23,   10.51,    0.00,   13.17
 461,216,   2, 1012.08,    0.00,    1.91,   16.87,   10.54,    0.00,   13.16
 462,217,   2, 1012.07,    0.00,    1.91,   18.47,   10.59,    0.00,   13.16
 463,218,   2, 1012.07,    0.00,    1.91,   19.50,   10.66,    0.00,   13.19
 464,219,   2, 1012.07,    0.00,    1.91,   19.47,   10.72,    0.00,   13.23
 465,220,   2, 1012.07,    0.00,    1.91,   19.83,   10.78,    0.00,   13.27
 466,221,   2, 1012.07,    0.00,    1.91,   20.97,   10.83,    0.00,   13.32
 467,222,   2, 1012.07,    0.00,    1.91,   21.23,   10.91,    0.00,   13.38
 468,223,   2, 1060.81,    0.00,    2.00,   20.57,   10.99,    0.00,   13.43
 469,224,   2, 1060.81,    0.00,    2.00,   20.67,   11.06,    0.00,   13.48
 470,225,   2, 1060.81,    0.00,    2.00,   19.53,   11.12,    0.00,   13.52
 471,226,   2, 1060.81,    0.00,    2.00,   19.70,   11.19,    0.00,   13.55
 472,227,   2, 1060.81,    0.00,    2.00,   19.87,   11.25,    0.00,   13.58
 473,228,   2, 1060.81,    0.00,    2.00,   18.60,   11.30,    0.00,   13.61
 474,229,   2, 1060.81,    0.00,    2.00,   18.20,   11.36,    0.00,   13.62
 475,230,   2, 1109.54,    0.00,    2.09,   17.50,   11.42,    0.00,   13.62
 476,231,   2, 1109.54,    0.00,    2.09,   17.07,   11.47,    0.00,   13.61
 477,232,   2, 1109.54,    0.00,    2.09,   18.10,   11.53,    0.00,   13.61
 478,233,   2, 1109.54,    0.00,    2.09,   19.07,   11.59,    0.00,   13.62
 479,234,   2, 1109.54,    0.00,    2.09,   19.33,   11.65,    0.00,   13.64
 480,235,   2, 1109.54,    0.00,    2.09,   18.33,   11.71,    0.00,   13.66
 481,236,   2, 1109.54,    0.00,    2.09,   18.23,   11.76,    0.00,   13.67
 482,237,   2, 1158.27,    0.00,    2.18,   17.97,   11.82,    0.00,   13.67
 483,238,   2, 1158.28,    0.00,    2.18,   18.90,   11.88,    0.00,   13.68
 484,239,   2, 1158.28,    0.00,    2.18,   18.63,   11.94,    0.00,   13.70
 485,240,   2, 1158.28,    0.00,    2.18,   18.43,   11.99,    0.00,   13.71
 486,241,   2, 1158.28,    0.00,    2.18,   16.93,   12.03,    0.00,   13.70
 487,242,   2, 1158.28,    0.00,    2.18,   16.33,   12.08,    0.00,   13.69
 488,243,   2, 1158.28,    0.00,    2.18,   17.07,   12.13,    0.00,   13.67
 489,244,   2, 1207.01,    0.00,    2.27,   15.80,   12.18,    0.00,   13.65
 490,245,   2, 1207.01,    0.00,    2.27,   15.23,   12.22,    0.00,   13.63
 491,246,   2, 1207.01,    0.00,    2.27,   15.80,   12.28,    0.00,   13.60
 492,247,   2, 1207.01,    0.00,    2.27,   15.57,   12.33,    0.00,   13.57
 493,248,   2, 1207.01,    0.00,    2.27,   15.43,   12.39,    0.00,   13.54
 494,249,   2, 1207.01,    0.00,    2.27,   15.10,   12.45,    0.00,   13.51
 495,250,   2, 1207.01,    0.00,    2.27,   15.43,   12.50,    0.00,   13.49
 496,251,   2, 1255.74,    0.00,    2.37,   15.93,   12.57,    0.00,   13.46
 497,252,   2, 1255.74,    0.00,    2.37,   16.13,   12.63,    0.00,   13.45
 498,253,   2, 1255.74,    0.00,    2.37,   16.23,   12.70,    0.00,   13.43
 499,254,   2, 1255.74,    0.00,    2.37,   15.47,   12.74,    0.00,   13.41
 500,255,   2, 1255.74,    0.00,    2.37,   16.00,   12.78,    0.00,   13.39
 501,256,   2, 1255.74,    0.00,    2.37,   15.07,   12.83,    0.00,   13.37
 502,257,   2, 1255.74,    0.00,    2.37,   15.63,   12.87,    0.00,   13.35
 503,258,   2, 1304.48,    0.00,    2.46,   16.87,   12.93,    0.00,   13.34
 504,259,   2, 1304.48,    0.00,    2.46,   16.93,   13.00,    0.00,   13.34
 505,260,   2, 1304.48,    0.00,    2.46,   15.30,   13.04,    0.00,   13.32
 506,261,   2, 1304.48,    0.00,    2.46,   13.23,   13.08,    0.00,   13.29
 507,262,   2, 1304.48,    0.00,    2.46,   13.83,   13.11,    0.00,   13.25
 508,263,   2, 1304.48,    0.00,    2.46,   13.07,   13.15,    0.00,   13.21
 509,264,   2, 1304.48,    0.00,    2.46,   14.17,   13.19,    0.00,   13.17
 510,265,   2, 1353.21,    0.00,    2.55,   15.57,   13.24,    0.00,   13.14
 511,266,   2, 1353.21,    0.00,    2.55,   15.30,   13.29,    0.00,   13.13
 512,267,   2, 1353.21,    0.00,    2.55,   16.37,   13.35,    0.00,   13.12
 513,268,   2, 1353.21,    0.00,    2.55,   15.30,   13.40,    0.00,   13.11
 514,269,   2, 1353.21,    0.00,    2.55,   14.83,   13.45,    0.00,   13.09
 515,270,   2, 1353.21,    0.00,    2.55,   14.57,   13.50,    0.00,   13.06
 516,271,   2, 1353.21,    0.00,    2.55,   14.57,   13.56,    0.00,   13.04
 517,272,   2, 1401.94,    0.00,    2.64,   13.20,   13.61,    0.00,   13.01
 518,273,   2, 1401.94,    0.00,    2.64,   13.90,   13.65,    0.00,   12.97
 519,274,   2, 1401.94,    0.00,    2.64,   14.63,   13.69,    0.00,   12.95
 520,275,   2, 1401.94,    0.00,    2.64,   12.67,   13.71,    0.00,   12.92
 521,276,   2, 1401.94,    0.00,    2.64,   12.40,   13.72,    0.00,   12.87
 522,277,   2, 1401.94,    0.00,    2.64,   12.23,   13.74,    0.00,   12.83
 523,278,   2, 1401.94,    0.00,    2.64,   11.50,   13.77,    0.00,   12.78
 524,279,   2, 1450.68,    0.00,    2.73,   11.17,   13.77,    0.00,   12.72
 525,280,   2, 1450.68,    0.00,    2.73,   11.07,   13.78,    0.00,   12.67
 526,281,   2, 1450.68,    0.00,    2.73,   12.10,   13.79,    0.00,   12.62
 527,282,   2, 1450.68,    0.00,    2.73,   11.53,   13.80,    0.00,   12.57
 528,283,   2, 1450.68,    0.00,    2.73,   11.50,   13.81,    0.00,   12.53
 529,284,   2, 1450.68,    0.00,    2.73,   11.73,   13.83,    0.00,   12.48
 530,285,   2, 1450.68,    0.00,    2.73,   10.63,   13.85,    0.00,   12.43
 531,286,   2, 1499.41,    0.00,    2.82,   11.93,   13.87,    0.00,   12.38
 532,287,   2, 1499.41,    0.00,    2.82,   12.77,   13.91,    0.00,   12.35
 533,288,   2, 1499.41,    0.00,    2.82,   11.57,   13.93,    0.00,   12.31
 534,289,   2, 1499.41,    0.00,    2.82,   10.93,   13.94,    0.00,   12.27
 535,290,   2, 1499.41,    0.00,    2.82,   10.90,   13.96,    0.00,   12.22
 536,291,   2, 1499.41,    0.00,    2.82,   10.37,   13.98,    0.00,   12.17
 537,292,   2, 1499.41,    0.00,    2.82,   12.37,   14.01,    0.00,   12.13
 538,293,   2, 1548.14,    0.00,    2.92,   11.97,   14.04,    0.00,   12.10
 539,294,   2, 1548.14,    0.00,    2.92,   11.27,   14.07,    0.00,   12.06
 540,295,   2, 1548.14,    0.00,    2.92,   11.73,   14.09,    0.00,   12.02
 541,296,   2, 1548.14,    0.00,    2.92,   10.90,   14.10,    0.00,   11.98
 542,297,   2, 1548.14,    0.00,    2.92,   11.50,   14.13,    0.00,   11.95
 543,298,   2, 1548.14,    0.00,    2.92,   12.80,   14.15,    0.00,   11.92
 544,299,   2, 1548.14,    0.00,    2.92,   13.70,   14.17,    0.00,   11.90
 545,300,   2, 1596.88,    0.00,    3.01,   11.10,   14.18,    0.00,   11.88
 546,301,   2, 1596.88,    0.00,    3.01,    9.27,   14.19,    0.00,   11.83
 547,302,   2, 1596.88,    0.00,    3.01,    9.70,   14.20,    0.00,   11.78
 548,303,   2, 1596.88,    0.00,    3.01,    9.07,   14.21,    0.00,   11.73
 549,304,   2, 1596.88,    0.00,    3.01,    9.73,   14.22,    0.00,   11.67
 550,305,   2, 1596.88,    0.00,    3.01,   10.17,   14.24,    0.00,   11.63
 551,306,   2, 1596.88,    0.00,    3.01,   11.50,   14.26,    0.00,   11.59
 552,307,   2, 1645.61,    0.00,    3.10,   10.43,   14.27,    0.00,   11.56
 553,308,   2, 1645.61,    0.00,    3.10,    8.43,   14.28,    0.00,   11.51
 554,309,   2, 1645.61,    0.00,    3.10,    7.87,   14.29,    0.00,   11.45
 555,310,   2, 1645.61,    0.00,    3.10,    8.17,   14.29,    0.00,   11.39
 556,311,   2, 1645.61,    0.00,    3.10,    8.70,   14.31,    0.00,   11.33
 557,312,   2, 1645.61,    0.00,    3.10,    6.60,   14.30,    0.00,   11.27
 558,313,   2, 1645.61,    0.00,    3.10,    7.80,   14.31,    0.00,   11.20
 559,314,   2, 1694.34,    0.00,    3.19,    7.80,   14.31,    0.00,   11.15
 560,315,   2, 1694.34,    0.00,    3.19,    9.10,   14.31,    0.00,   11.09
 561,316,   2, 1694.34,    0.00,    3.19,    8.00,   14.30,    0.00,   11.05
 562,317,   2, 1694.34,    0.00,    3.19,    9.03,   14.30,    0.00,   11.00
 563,318,   2, 1694.34,    0.00,    3.19,    8.30,   14.30,    0.00,   10.95
 564,319,   2, 1694.34,    0.00,    3.19,    7.77,   14.30,    0.00,   10.90
 565,320,   2, 1694.34,    0.00,    3.19,    7.23,   14.31,    0.00,   10.84
 566,321,   2, 1743.08,    0.00,    3.28,    7.70,   14.31,    0.00,   10.79
 567,322,   2, 1743.08,    0.00,    3.28,    9.53,   14.33,    0.00,   10.74
 568,323,   2, 1743.08,    0.00,    3.28,    9.77,   14.34,    0.00,   10.71
 569,324,   2, 1743.08,    0.00,    3.28,    6.60,   14.33,    0.00,   10.67
 570,325,   2, 1743.08,    0.00,    3.28,    5.67,   14.31,    0.00,   10.60
 571,326,   2, 1743.08,    0.00,    3.28,    6.33,   14.29,    0.00,   10.53
 572,327,   2, 1743.08,    0.00,    3.28,    7.10,   14.27,    0.00,   10.48
 573,328,   2, 1791.81,    0.00,    3.37,    5.67,   14.26,    0.00,   10.42
 574,329,   2, 1791.81,    0.00,    3.37,    6.87,   14.26,    0.00,   10.36
 575,330,   2, 1791.81,    0.00,    3.37,    6.90,   14.26,    0.00,   10.31
 576,331,   2, 1791.81,    0.00,    3.37,    7.40,   14.26,    0.00,   10.26
 577,332,   2, 1791.81,    0.00,    3.37,    5.93,   14.26,    0.00,   10.20
 578,333,   2, 1791.81,    0.00,    3.37,    4.27,   14.25,    0.00,   10.14
 579,334,   2, 1791.81,    0.00,    3.37,    3.47,   14.22,    0.00,   10.06
 580,335,   2, 1840.54,    0.00,    3.47,    3.53,   14.19,    0.00,    9.98
 581,336,   2, 1840.55,    0.00,    3.47,    4.97,   14.16,    0.00,    9.90
 582,337,   2, 1840.55,    0.00,    3.47,    4.73,   14.13,    0.00,    9.84
 583,338,   2, 1840.55,    0.00,    3.47,    3.90,   14.09,    0.00,    9.77
 584,339,   2, 1840.55,    0.00,    3.47,    3.63,   14.05,    0.00,    9.70
 585,340,   2, 1840.55,    0.00,    3.47,    3.63,   14.01,    0.00,    9.62
 586,341,   2, 1840.55,    0.00,    3.47,    5.07,   13.98,    0.00,    9.56
 587,342,   2, 1889.28,    0.00,    3.56,    6.20,   13.95,    0.00,    9.51
 588,343,   2, 1889.28,    0.00,    3.56,    3.97,   13.92,    0.00,    9.45
 589,344,   2, 1889.28,    0.00,    3.56,    3.03,   13.89,    0.00,    9.38
 590,345,   2, 1889.28,    0.00,    3.56,    3.77,   13.86,    0.00,    9.31
 591,346,   2, 1889.28,    0.00,    3.56,    5.33,   13.84,    0.00,    9.25
 592,347,   2, 1889.28,    0.00,    3.56,    7.00,   13.83,    0.00,    9.21
 593,348,   2, 1889.28,    0.00,    3.56,    7.30,   13.82,    0.00,    9.18
 594,349,   2, 1938.01,    0.00,    3.65,    8.87,   13.81,    0.00,    9.15
 595,350,   2, 1938.01,    0.00,    3.65,    7.40,   13.81,    0.00,    9.13
 596,351,   2, 1938.01,    0.00,    3.65,    8.27,   13.80,    0.00,    9.11
 597,352,   2, 1938.01,    0.00,    3.65,    7.30,   13.80,    0.00,    9.08
 598,353,   2, 1938.01,    0.00,    3.65,    8.43,   13.80,    0.00,    9.06
 599,354,   2, 1938.01,    0.00,    3.65,    7.37,   13.80,    0.00,    9.03
 600,355,   2, 1938.01,    0.00,    3.65,    4.53,   13.78,    0.00,    8.99
 601,356,   2, 1986.75,    0.00,    3.74,    4.43,   13.75,    0.00,    8.94
 602,357,   2, 1986.75,    0.00,    3.74,    6.93,   13.72,    0.00,    8.90
 603,358,   2, 1986.75,    0.00,    3.74,    9.00,   13.69,    0.00,    8.88
 604,359,   2, 1986.75,    0.00,    3.74,    4.07,   13.66,    0.00,    8.84
 605,360,   2, 1986.75,    0.00,    3.74,    2.67,   13.63,    0.00,    8.78
 606,361,   2, 1986.75,    0.00,    3.74,    4.47,   13.60,    0.00,    8.72
 607,362,   2, 1986.75,    0.00,    3.74,    4.57,   13.58,    0.00,    8.67
 608,363,   2, 2035.48,    0.00,    3.83,    4.77,   13.56,    0.00,    8.63
 609,364,   2, 2035.48,    0.00,    3.83,    7.07,   13.54,    0.00,    8.59
 610,365,   2, 2035.48,    0.00,    3.83,    7.07,   13.53,    0.00,    8.57
 611,  1,   3, 2035.48,    0.00,    3.83,    3.83,   13.49,    0.00,    8.53
 612,  2,   3, 2035.48,    0.00,    3.83,    4.30,   13.45,    0.00,    8.48
 613,  3,   3, 2035.48,    0.00,    3.83,    4.97,   13.41,    0.00,    8.43
 614,  4,   3, 2035.48,    0.00,    3.83,    4.87,   13.37,    0.00,    8.39
 615,  5,   3, 2084.21,    0.00,    3.93,    5.60,   13.33,    0.00,    8.35
 616,  6,   3, 2084.21,    0.00,    3.93,    4.83,   13.28,    0.00,    8.32
 617,  7,   3, 2084.21,    0.00,    3.93,    5.30,   13.25,    0.00,    8.28
 618,  8,   3, 2084.21,    0.00,    3.93,    6.20,   13.22,    0.00,    8.25
 619,  9,   3, 2084.21,    0.00,    3.93,    5.27,   13.18,    0.00,    8.21
 620, 10,   3, 2084.21,    0.00,    3.93,    3.80,   13.14,    0.00,    8.17
 621, 11,   3, 2084.21,    0.00,    3.93,    5.93,   13.10,    0.00,    8.13
 622, 12,   3, 2132.95,    0.00,    4.02,    6.77,   13.08,    0.00,    8.11
 623, 13,   3, 2132.95,    0.00,    4.02,    7.00,   13.04,    0.00,    8.09
 624, 14,   3, 2132.95,    0.00,    4.02,    5.63,   12.99,    0.00,    8.06
 625, 15,   3, 2132.95,    0.00,    4.02,    5.67,   12.93,    0.00,    8.03
 626, 16,   3, 2132.95,    0.00,    4.02,    4.70,   12.86,    0.00,    8.00
 627, 17,   3, 2132.95,    0.00,    4.02,    4.87,   12.80,    0.00,    7.96
 628, 18,   3, 2132.95,    0.00,    4.02,    2.97,   12.73,    0.00,    7.92
 629, 19,   3, 2181.68,    0.00,    4.11,    3.27,   12.68,    0.00,    7.87
 630, 20,   3, 2181.68,    0.00,    4.11,    3.10,   12.63,    0.00,    7.82
 631, 21,   3, 2181.68,    0.00,    4.11,    1.93,   12.58,    0.00,    7.77
 632, 22,   3, 2181.68,    0.00,    4.11,    2.23,   12.52,    0.00,    7.71
 633, 23,   3, 2181.68,    0.00,    4.11,    1.97,   12.45,    0.00,    7.66
 634, 24,   3, 2181.68,    0.00,    4.11,    0.90,   12.39,    0.00,    7.59
 635, 25,   3, 2181.68,    0.00,    4.11,    1.70,   12.32,    0.00,    7.53
 636, 26,   3, 2230.41,    0.00,    4.20,    5.73,   12.28,    0.00,    7.49
 637, 27,   3, 2230.41,    0.00,    4.20,    6.23,   12.23,    0.00,    7.47
 638, 28,   3, 2230.41,    0.00,    4.20,    4.80,   12.17,    0.00,    7.45
 639, 29,   3, 2230.41,    0.00,    4.20,    5.00,   12.12,    0.00,    7.42
 640, 30,   3, 2230.41,    0.00,    4.20,    3.20,   12.05,    0.00,    7.38
 641, 31,   3, 2230.41,    0.00,    4.20,    2.77,   11.97,    0.00,    7.34
 642, 32,   3, 2230.41,    0.00,    4.20,    4.13,   11.90,    0.00,    7.30
 643, 33,   3, 2279.15,    0.00,    4.29,    5.17,   11.84,    0.00,    7.27
 644, 34,   3, 2279.15,    0.00,    4.29,    6.53,   11.79,    0.00,    7.25
 645, 35,   3, 2279.15,    0.00,    4.29,    4.60,   11.74,    0.00,    7.23
 646, 36,   3, 2279.15,    0.00,    4.29,    5.20,   11.69,    0.00,    7.20
 647, 37,   3, 2279.15,    0.00,    4.29,    4.23,   11.63,    0.00,    7.17
 648, 38,   3, 2279.15,    0.00,    4.29,    2.53,   11.55,    0.00,    7.14
 649, 39,   3, 2279.15,    0.00,    4.29,    3.13,   11.47,    0.00,    7.09
 650, 40,   3, 2327.88,    0.00,    4.38,    4.77,   11.40,    0.00,    7.06
 651, 41,   3, 2327.88,    0.00,    4.38,    3.57,   11.33,    0.00,    7.03
 652, 42,   3, 2327.88,    0.00,    4.38,    2.20,   11.25,    0.00,    6.99
 653, 43,   3, 2327.88,    0.00,    4.38,    1.67,   11.17,    0.00,    6.94
 654, 44,   3, 2327.88,    0.00,    4.38,    2.10,   11.11,    0.00,    6.89
 655, 45,   3, 2327.88,    0.00,    4.38,    3.73,   11.05,    0.00,    6.85
 656, 46,   3, 2327.88,    0.00,    4.38,    6.57,   11.01,    0.00,    6.83
 657, 47,   3, 2376.61,    0.00,    4.48,    8.40,   10.97,    0.00,    6.83
 658, 48,   3, 2376.62,    0.00,    4.48,    8.10,   10.93,    0.00,    6.84
 659, 49,   3, 2376.62,    0.00,    4.48,    7.63,   10.89,    0.00,    6.84
 660, 50,   3, 2376.62,    0.00,    4.48,    6.87,   10.84,    0.00,    6.84
 661, 51,   3, 2376.62,    0.00,    4.48,    9.23,   10.81,    0.00,    6.84
 662, 52,   3, 2376.62,    0.00,    4.48,    8.73,   10.78,    0.00,    6.85
 663, 53,   3, 2376.62,    0.00,    4.48,   10.17,   10.76,    0.00,    6.86
 664, 54,   3, 2425.35,    0.00,    4.57,    9.67,   10.73,    0.00,    6.88
 665, 55,   3, 2425.35,    0.00,    4.57,    9.13,   10.69,    0.00,    6.89
 666, 56,   3, 2425.35,    0.00,    4.57,    8.43,   10.66,    0.00,    6.90
 667, 57,   3, 2425.35,    0.00,    4.57,    5.90,   10.61,    0.00,    6.90
 668, 58,   3, 2425.35,    0.00,    4.57,    5.50,   10.56,    0.00,    6.88
 669, 59,   3, 2425.35,    0.00,    4.57,    5.43,   10.51,    0.00,    6.86
 670, 60,   3, 2425.35,    0.00,    4.57,    6.83,   10.47,    0.00,    6.85
 671, 61,   3, 2474.08,    0.00,    4.66,    7.03,   10.42,    0.00,    6.84
 672, 62,   3, 2474.08,    0.00,    4.66,    7.07,   10.37,    0.00,    6.84
 673, 63,   3, 2474.08,    0.00,    4.66,    5.80,   10.31,    0.00,    6.83
 674, 64,   3, 2474.08,    0.00,    4.66,    5.30,   10.25,    0.00,    6.81
 675, 65,   3, 2474.08,    0.00,    4.66,    5.40,   10.20,    0.00,    6.79
 676, 66,   3, 2474.08,    0.00,    4.66,    5.60,   10.14,    0.00,    6.77
 677, 67,   3, 2474.08,    0.00,    4.66,    6.60,   10.09,    0.00,    6.76
 678, 68,   3, 2522.81,    0.00,    4.75,    7.53,   10.03,    0.00,    6.76
 679, 69,   3, 2522.82,    0.00,    4.75,    6.43,    9.96,    0.00,    6.75
 680, 70,   3, 2522.82,    0.00,    4.75,    8.30,    9.90,    0.00,    6.75
 681, 71,   3, 2522.82,    0.00,    4.75,    8.30,    9.85,    0.00,    6.75
 682, 72,   3, 2522.82,    0.00,    4.75,    7.53,    9.81,    0.00,    6.75
 683, 73,   3, 2522.82,    0.00,    4.75,    7.17,    9.76,    0.00,    6.75
 684, 74,   3, 2522.82,    0.00,    4.75,    7.60,    9.71,    0.00,    6.75
 685, 75,   3, 2571.55,    0.00,    4.84,    8.40,    9.67,    0.00,    6.75
 686, 76,   3, 2571.55,    0.00,    4.84,    6.53,    9.61,    0.00,    6.75
 687, 77,   3, 2571.55,    0.00,    4.84,    6.03,    9.56,    0.00,    6.74
 688, 78,   3, 2571.55,    0.00,    4.84,    6.60,    9.52,    0.00,    6.73
 689, 79,   3, 2571.55,    0.00,    4.84,    7.30,    9.48,    0.00,    6.72
 690, 80,   3, 2571.55,    0.00,    4.84,    6.97,    9.43,    0.00,    6.72
 691, 81,   3, 2571.55,    0.00,    4.84,    6.60,    9.37,    0.00,    6.71
 692, 82,   3, 2620.28,    0.00,    4.94,    6.40,    9.31,    0.00,    6.70
 693, 83,   3, 2620.28,    0.00,    4.94,    5.63,    9.25,    0.00,    6.69
 694, 84,   3, 2620.28,    0.00,    4.94,    6.93,    9.19,    0.00,    6.68
 695, 85,   3, 2620.28,    0.00,    4.94,    7.50,    9.13,    0.00,    6.68
 696, 86,   3, 2620.28,    0.00,    4.94,    7.60,    9.07,    0.00,    6.67
 697, 87,   3, 2620.28,    0.00,    4.94,    8.90,    9.02,    0.00,    6.68
 698, 88,   3, 2620.28,    0.00,    4.94,    9.57,    8.98,    0.00,    6.69
 699, 89,   3, 2669.02,    0.00,    5.03,    9.07,    8.93,    0.00,    6.70
 700, 90,   3, 2669.02,    0.00,    5.03,    8.60,    8.88,    0.00,    6.71
 701, 91,   3,  133.45,    0.00,    0.25,    6.93,    8.83,    0.00,    6.63
 702, 92,   3,  133.45,    0.00,    0.25,    6.17,    8.78,    0.00,    6.43
 703, 93,   3,  133.45,    0.00,    0.25,    6.77,    8.73,    0.00,    6.26
 704, 94,   3,  133.45,    0.00,    0.25,    6.17,    8.68,    0.00,    6.10
 705, 95,   3,  133.45,    0.00,    0.25,    6.43,    8.63,    0.00,    5.95
 706, 96,   3,  182.18,    0.00,    0.34,    8.57,    8.58,    0.00,    5.97
 707, 97,   3,  182.18,    0.00,    0.34,   10.93,    8.55,    0.00,    6.17
 708, 98,   3,  182.18,    0.00,    0.34,   10.67,    8.51,    0.00,    6.44
 709, 99,   3,  182.18,    0.00,    0.34,   10.80,    8.48,    0.00,    6.67
 710,100,   3,  182.18,    0.00,    0.34,    8.10,    8.44,    0.00,    6.76
 711,101,   3,  182.18,    0.00,    0.34,    7.27,    8.39,    0.00,    6.70
 712,102,   3,  182.18,    0.00,    0.34,    7.00,    8.33,    0.00,    6.60
 713,103,   3,  230.92,    0.00,    0.43,    7.03,    8.28,    0.00,    6.50
 714,104,   3,  230.92,    0.00,    0.43,    5.93,    8.24,    0.00,    6.39
 715,105,   3,  230.92,    0.00,    0.43,    7.30,    8.20,    0.00,    6.31
 716,106,   3,  230.92,    0.00,    0.43,    9.17,    8.16,    0.00,    6.34
 717,107,   3,  230.92,    0.00,    0.43,   10.93,    8.14,    0.00,    6.49
 718,108,   3,  230.92,    0.00,    0.43,   11.87,    8.13,    0.00,    6.72
 719,109,   3,  230.92,    0.00,    0.43,   12.43,    8.11,    0.00,    6.98
 720,110,   3,  279.65,    0.00,    0.53,   13.60,    8.10,    0.00,    7.26
 721,111,   3,  279.65,    0.00,    0.53,   11.97,    8.09,    0.00,    7.47
 722,112,   3,  279.65,    0.00,    0.53,   12.53,    8.08,    0.00,    7.64
 723,113,   3,  279.65,    0.00,    0.53,   12.67,    8.06,    0.00,    7.81
 724,114,   3,  279.65,    0.00,    0.53,   13.37,    8.05,    0.00,    8.00
 725,115,   3,  279.65,    0.00,    0.53,   10.57,    8.03,    0.00,    8.10
 726,116,   3,  279.65,    0.00,    0.53,    9.93,    8.00,    0.00,    8.10
 727,117,   3,  328.39,    0.00,    0.62,    9.33,    7.97,    0.00,    8.08
 728,118,   3,  328.39,    0.00,    0.62,   10.80,    7.95,    0.00,    8.07
 729,119,   3,  328.39,    0.00,    0.62,    9.17,    7.93,    0.00,    8.06
 730,120,   3,  329.80,    0.00,    0.62,   10.03,    7.90,    0.00,    8.03
 731,121,   3,  329.80,    0.00,    0.62,    9.43,    7.87,    0.00,    8.01
 732,122,   3,  329.80,    0.00,    0.62,    8.87,    7.83,    0.00,    7.96
 733,123,   3,  329.80,    0.00,    0.62,    9.40,    7.81,    0.00,    7.92
 734,124,   3,  329.80,    0.00,    0.62,    8.83,    7.79,    0.00,    7.88
 735,125,   3,  378.54,    0.00,    0.71,    8.20,    7.76,    0.00,    7.81
 736,126,   3,  378.54,    0.00,    0.71,    7.23,    7.74,    0.00,    7.72
 737,127,   3,  378.54,    0.00,    0.71,    8.40,    7.71,    0.00,    7.65
 738,128,   3,  378.54,    0.00,    0.71,   10.87,    7.69,    0.00,    7.65
 739,129,   3,  378.54,    0.00,    0.71,   15.13,    7.69,    0.00,    7.80
 740,130,   3,  378.54,    0.00,    0.71,   14.50,    7.68,    0.00,    8.01
 741,131,   3,  378.54,    0.00,    0.71,   12.03,    7.67,    0.00,    8.13
 742,132,   3,  427.27,    0.00,    0.80,    9.80,    7.65,    0.00,    8.16
 743,133,   3,  427.27,    0.00,    0.80,    9.73,    7.62,    0.00,    8.14
 744,134,   3,  427.27,    0.00,    0.80,    9.70,    7.60,    0.00,    8.13
 745,135,   3,  427.27,    0.00,    0.80,    9.93,    7.59,    0.00,    8.11
 746,136,   3,  427.27,    0.00,    0.80,   10.57,    7.57,    0.00,    8.11
 747,137,   3,  427.27,    0.00,    0.80,   10.97,    7.56,    0.00,    8.13
 748,138,   3,  427.27,    0.00,    0.80,   12.97,    7.56,    0.00,    8.20
 749,139,   3,  476.01,    0.00,    0.90,   13.47,    7.56,    0.00,    8.30
 750,140,   3,  476.01,    0.00,    0.90,   14.03,    7.57,    0.00,    8.41
 751,141,   3,  476.01,    0.00,    0.90,   13.73,    7.58,    0.00,    8.52
 752,142,   3,  476.01,    0.00,    0.90,   14.33,    7.60,    0.00,    8.63
 753,143,   3,  476.01,    0.00,    0.90,   15.23,    7.61,    0.00,    8.76
 754,144,   3,  476.01,    0.00,    0.90,   13.83,    7.62,    0.00,    8.87
 755,145,   3,  476.01,    0.00,    0.90,   12.37,    7.63,    0.00,    8.93
 756,146,   3,  524.74,    0.00,    0.99,   14.07,    7.64,    0.00,    8.99
 757,147,   3,  524.74,    0.00,    0.99,   13.70,    7.65,    0.00,    9.06
 758,148,   3,  524.74,    0.00,    0.99,   13.17,    7.66,    0.00,    9.12
 759,149,   3,  524.74,    0.00,    0.99,   13.20,    7.66,    0.00,    9.17
 760,150,   3,  524.74,    0.00,    0.99,   15.67,    7.67,    0.00,    9.26
 761,151,   3,  524.74,    0.00,    0.99,   17.23,    7.70,    0.00,    9.41
 762,152,   3,  524.74,    0.00,    0.99,   18.20,    7.73,    0.00,    9.58
 763,153,   3,  573.47,    0.00,    1.08,   20.80,    7.77,    0.00,    9.80
 764,154,   3,  573.47,    0.00,    1.08,   19.47,    7.81,    0.00,   10.02
 765,155,   3,  573.47,    0.00,    1.08,   18.67,    7.84,    0.00,   10.19
 766,156,   3,  573.47,    0.00,    1.08,   14.90,    7.86,    0.00,   10.29
 767,157,   3,  573.47,    0.00,    1.08,   13.70,    7.87,    0.00,   10.31
 768,158,   3,  573.47,    0.00,    1.08,   14.63,    7.88,    0.00,   10.34
 769,159,   3,  573.47,    0.00,    1.08,   15.40,    7.90,    0.00,   10.39
 770,160,   3,  622.21,    0.00,    1.17,   16.30,    7.92,    0.00,   10.46
 771,161,   3,  622.21,    0.00,    1.17,   16.80,    7.94,    0.00,   10.54
 772,162,   3,  622.21,    0.00,    1.17,   16.03,    7.95,    0.00,   10.61
 773,163,   3,  622.21,    0.00,    1.17,   15.47,    7.97,    0.00,   10.67
 774,164,   3,  622.21,    0.00,    1.17,   16.77,    8.00,    0.00,   10.73
 775,165,   3,  622.21,    0.00,    1.17,   19.17,    8.04,    0.00,   10.84
 776,166,   3,  622.21,    0.00,    1.17,   17.47,    8.08,    0.00,   10.95
 777,167,   3,  670.94,    0.00,    1.26,   19.23,    8.12,    0.00,   11.05
 778,168,   3,  670.94,    0.00,    1.26,   20.37,    8.16,    0.00,   11.19
 779,169,   3,  670.94,    0.00,    1.26,   20.70,    8.20,    0.00,   11.33
 780,170,   3,  670.94,    0.00,    1.26,   18.13,    8.24,    0.00,   11.44
 781,171,   3,  670.94,    0.00,    1.26,   17.53,    8.28,    0.00,   11.51
 782,172,   3,  670.94,    0.00,    1.26,   15.37,    8.31,    0.00,   11.55
 783,173,   3,  670.94,    0.00,    1.26,   16.67,    8.35,    0.00,   11.57
 784,174,   3,  719.67,    0.00,    1.36,   18.33,    8.39,    0.00,   11.63
 785,175,   3,  719.67,    0.00,    1.36,   19.97,    8.45,    0.00,   11.73
 786,176,   3,  719.67,    0.00,    1.36,   21.47,    8.51,    0.00,   11.85
 787,177,   3,  719.67,    0.00,    1.36,   20.97,    8.57,    0.00,   11.98
 788,178,   3,  719.67,    0.00,    1.36,   20.47,    8.62,    0.00,   12.09
 789,179,   3,  719.67,    0.00,    1.36,   19.70,    8.67,    0.00,   12.19
 790,180,   3,  719.67,    0.00,    1.36,   19.27,    8.71,    0.00,   12.27
 791,181,   3,  768.41,    0.00,    1.45,   16.90,    8.75,    0.00,   12.32
 792,182,   3,  768.41,    0.00,    1.45,   16.33,    8.79,    0.00,   12.33
 793,183,   3,  768.41,    0.00,    1.45,   17.27,    8.83,    0.00,   12.34
 794,184,   3,  768.41,    0.00,    1.45,   16.83,    8.87,    0.00,   12.36
 795,185,   3,  768.41,    0.00,    1.45,   17.40,    8.91,    0.00,   12.38
 796,186,   3,  768.41,    0.00,    1.45,   17.33,    8.94,    0.00,   12.41
 797,187,   3,  768.41,    0.00,    1.45,   17.43,    8.99,    0.00,   12.43
 798,188,   3,  817.14,    0.00,    1.54,   15.37,    9.03,    0.00,   12.43
 799,189,   3,  817.14,    0.00,    1.54,   15.50,    9.07,    0.00,   12.42
 800,190,   3,  817.14,    0.00,    1.54,   15.63,    9.11,    0.00,   12.41
 801,191,   3,  817.14,    0.00,    1.54,   16.60,    9.16,    0.00,   12.41
 802,192,   3,  817.14,    0.00,    1.54,   17.40,    9.20,    0.00,   12.42
 803,193,   3,  817.14,    0.00,    1.54,   16.87,    9.25,    0.00,   12.44
 804,194,   3,  817.14,    0.00,    1.54,   16.83,    9.29,    0.00,   12.45
 805,195,   3,  865.87,    0.00,    1.63,   17.23,    9.34,    0.00,   12.47
 806,196,   3,  865.87,    0.00,    1.63,   16.33,    9.39,    0.00,   12.47
 807,197,   3,  865.87,    0.00,    1.63,   16.53,    9.45,    0.00,   12.48
 808,198,   3,  865.87,    0.00,    1.63,   17.93,    9.51,    0.00,   12.49
 809,199,   3,  865.87,    0.00,    1.63,   19.17,    9.57,    0.00,   12.54
 810,200,   3,  865.87,    0.00,    1.63,   18.73,    9.63,    0.00,   12.59
 811,201,   3,  865.87,    0.00,    1.63,   18.17,    9.70,    0.00,   12.62
 812,202,   3,  914.61,    0.00,    1.72,   18.00,    9.76,    0.00,   12.66
 813,203,   3,  914.61,    0.00,    1.72,   17.80,    9.82,    0.00,   12.68
 814,204,   3,  914.61,    0.00,    1.72,   18.53,    9.88,    0.00,   12.71
 815,205,   3,  914.61,    0.00,    1.72,   21.00,    9.95,    0.00,   12.77
 816,206,   3,  914.61,    0.00,    1.72,   22.33,   10.03,    0.00,   12.86
 817,207,   3,  914.61,    0.00,    1.72,   21.83,   10.11,    0.00,   12.95
 818,208,   3,  914.61,    0.00,    1.72,   19.70,   10.18,    0.00,   13.02
 819,209,   3,  963.34,    0.00,    1.81,   18.50,   10.24,    0.00,   13.06
 820,210,   3,  963.34,    0.00,    1.81,   18.20,   10.28,    0.00,   13.08
 821,211,   3,  963.34,    0.00,    1.81,   18.33,   10.33,    0.00,   13.10
 822,212,   3,  963.34,    0.00,    1.81,   17.60,   10.37,    0.00,   13.11
 823,213,   3,  963.34,    0.00,    1.81,   19.60,   10.43,    0.00,   13.14
 824,214,   3,  963.34,    0.00,    1.81,   18.07,   10.47,    0.00,   13.17
 825,215,   3,  963.34,    0.00,    1.81,   16.23,   10.51,    0.00,   13.17
 826,216,   3, 1012.08,    0.00,    1.91,   16.87,   10.54,    0.00,   13.16
 827,217,   3, 1012.07,    0.00,    1.91,   18.47,   10.59,    0.00,   13.16
 828,218,   3, 1012.07,    0.00,    1.91,   19.50,   10.66,    0.00,   13.19
 829,219,   3, 1012.07,    0.00,    1.91,   19.47,   10.72,    0.00,   13.23
 830,220,   3, 1012.07,    0.00,    1.91,   19.83,   10.78,    0.00,   13.27
 831,221,   3, 1012.07,    0.00,    1.91,   20.97,   10.83,    0.00,   13.32
 832,222,   3, 1012.07,    0.00,    1.91,   21.23,   10.91,    0.00,   13.38
 833,223,   3, 1060.81,    0.00,    2.00,   20.57,   10.99,    0.00,   13.43
 834,224,   3, 1060.81,    0.00,    2.00,   20.67,   11.06,    0.00,   13.48
 835,225,   3, 1060.81,    0.00,    2.00,   19.53,   11.12,    0.00,   13.52
 836,226,   3, 1060.81,    0.00,    2.00,   19.70,   11.19,    0.00,   13.55
 837,227,   3, 1060.81,    0.00,    2.00,   19.87,   11.25,    0.00,   13.58
 838,228,   3, 1060.81,    0.00,    2.00,   18.60,   11.30,    0.00,   13.61
 839,229,   3, 1060.81,    0.00,    2.00,   18.20,   11.36,    0.00,   13.62
 840,230,   3, 1109.54,    0.00,    2.09,   17.50,   11.42,    0.00,   13.62
 841,231,   3, 1109.54,    0.00,    2.09,   17.07,   11.47,    0.00,   13.61
 842,232,   3, 1109.54,    0.00,    2.09,   18.10,   11.53,    0.00,   13.61
 843,233,   3, 1109.54,    0.00,    2.09,   19.07,   11.59,    0.00,   13.62
 844,234,   3, 1109.54,    0.00,    2.09,   19.33,   11.65,    0.00,   13.64
 845,235,   3, 1109.54,    0.00,    2.09,   18.33,   11.71,    0.00,   13.66
 846,236,   3, 1109.54,    0.00,    2.09,   18.23,   11.76,    0.00,   13.67
 847,237,   3, 1158.27,    0.00,    2.18,   17.97,   11.82,    0.00,   13.67
 848,238,   3, 1158.28,    0.00,    2.18,   18.90,   11.88,    0.00,   13.68
 849,239,   3, 1158.28,    0.00,    2.18,   18.63,   11.94,    0.00,   13.70
 850,240,   3, 1158.28,    0.00,    2.18,   18.43,   11.99,    0.00,   13.71
 851,241,   3, 1158.28,    0.00,    2.18,   16.93,   12.03,    0.00,   13.70
 852,242,   3, 1158.28,    0.00,    2.18,   16.33,   12.08,    0.00,   13.69
 853,243,   3, 1158.28,    0.00,    2.18,   17.07,   12.13,    0.00,   13.67
 854,244,   3, 1207.01,    0.00,    2.27,   15.80,   12.18,    0.00,   13.65
 855,245,   3, 1207.01,    0.00,    2.27,   15.23,   12.22,    0.00,   13.63
 856,246,   3, 1207.01,    0.00,    2.27,   15.80,   12.28,    0.00,   13.60
 857,247,   3, 1207.01,    0.00,    2.27,   15.57,   12.33,    0.00,   13.57
 858,248,   3, 1207.01,    0.00,    2.27,   15.43,   12.39,    0.00,   13.54
 859,249,   3, 1207.01,    0.00,    2.27,   15.10,   12.45,    0.00,   13.51
 860,250,   3, 1207.01,    0.00,    2.27,   15.43,   12.50,    0.00,   13.49
 861,251,   3, 1255.74,    0.00,    2.37,   15.93,   12.57,    0.00,   13.46
 862,252,   3, 1255.74,    0.00,    2.37,   16.13,   12.63,    0.00,   13.45
 863,253,   3, 1255.74,    0.00,    2.37,   16.23,   12.70,    0.00,   13.43
 864,254,   3, 1255.74,    0.00,    2.37,   15.47,   12.74,    0.00,   13.41
 865,255,   3, 1255.74,    0.00,    2.37,   16.00,   12.78,    0.00,   13.39
 866,256,   3, 1255.74,    0.00,    2.37,   15.07,   12.83,    0.00,   13.37
 867,257,   3, 1255.74,    0.00,    2.37,   15.63,   12.87,    0.00,   13.35
 868,258,   3, 1304.48,    0.00,    2.46,   16.87,   12.93,    0.00,   13.34
 869,259,   3, 1304.48,    0.00,    2.46,   16.93,   13.00,    0.00,   13.34
 870,260,   3, 1304.48,    0.00,    2.46,   15.30,   13.04,    0.00,   13.32
 871,261,   3, 1304.48,    0.00,    2.46,   13.23,   13.08,    0.00,   13.29
 872,262,   3, 1304.48,    0.00,    2.46,   13.83,   13.11,    0.00,   13.25
 873,263,   3, 1304.48,    0.00,    2.46,   13.07,   13.15,    0.00,   13.21
 874,264,   3, 1304.48,    0.00,    2.46,   14.17,   13.19,    0.00,   13.17
 875,265,   3, 1353.21,    0.00,    2.55,   15.57,   13.24,    0.00,   13.14
 876,266,   3, 1353.21,    0.00,    2.55,   15.30,   13.29,    0.00,   13.13
 877,267,   3, 1353.21,    0.00,    2.55,   16.37,   13.35,    0.00,   13.12
 878,268,   3, 1353.21,    0.00,    2.55,   15.30,   13.40,    0.00,   13.11
 879,269,   3, 1353.21,    0.00,    2.55,   14.83,   13.45,    0.00,   13.09
 880,270,   3, 1353.21,    0.00,    2.55,   14.57,   13.50,    0.00,   13.06
 881,271,   3, 1353.21,    0.00,    2.55,   14.57,   13.56,    0.00,   13.04
 882,272,   3, 1401.94,    0.00,    2.64,   13.20,   13.61,    0.00,   13.01
 883,273,   3, 1401.94,    0.00,    2.64,   13.90,   13.65,    0.00,   12.97
 884,274,   3, 1401.94,    0.00,    2.64,   14.63,   13.69,    0.00,   12.95
 885,275,   3, 1401.94,    0.00,    2.64,   12.67,   13.71,    0.00,   12.92
 886,276,   3, 1401.94,    0.00,    2.64,   12.40,   13.72,    0.00,   12.87
 887,277,   3, 1401.94,    0.00,    2.64,   12.23,   13.74,    0.00,   12.83
 888,278,   3, 1401.94,    0.00,    2.64,   11.50,   13.77,    0.00,   12.78
 889,279,   3, 1450.68,    0.00,    2.73,   11.17,   13.77,    0.00,   12.72
 890,280,   3, 1450.68,    0.00,    2.73,   11.07,   13.78,    0.00,   12.67
 891,281,   3, 1450.68,    0.00,    2.73,   12.10,   13.79,    0.00,   12.62
 892,282,   3, 1450.68,    0.00,    2.73,   11.53,   13.80,    0.00,   12.57
 893,283,   3, 1450.68,    0.00,    2.73,   11.50,   13.81,    0.00,   12.53
 894,284,   3, 1450.68,    0.00,    2.73,   11.73,   13.83,    0.00,   12.48
 895,285,   3, 1450.68,    0.00,    2.73,   10.63,   13.85,    0.00,   12.43
 896,286,   3, 1499.41,    0.00,    2.82,   11.93,   13.87,    0.00,   12.38
 897,287,   3, 1499.41,    0.00,    2.82,   12.77,   13.91,    0.00,   12.35
 898,288,   3, 1499.41,    0.00,    2.82,   11.57,   13.93,    0.00,   12.31
 899,289,   3, 1499.41,    0.00,    2.82,   10.93,   13.94,    0.00,   12.27
 900,290,   3, 1499.41,    0.00,    2.82,   10.90,   13.96,    0.00,   12.22
 901,291,   3, 1499.41,    0.00,    2.82,   10.37,   13.98,    0.00,   12.17
 902,292,   3, 1499.41,    0.00,    2.82,   12.37,   14.01,    0.00,   12.13
 903,293,   3, 1548.14,    0.00,    2.92,   11.97,   14.04,    0.00,   12.10
 904,294,   3, 1548.14,    0.00,    2.92,   11.27,   14.07,    0.00,   12.06
 905,295,   3, 1548.14,    0.00,    2.92,   11.73,   14.09,    0.00,   12.02
 906,296,   3, 1548.14,    0.00,    2.92,   10.90,   14.10,    0.00,   11.98
 907,297,   3, 1548.14,    0.00,    2.92,   11.50,   14.13,    0.00,   11.95
 908,298,   3, 1548.14,    0.00,    2.92,   12.80,   14.15,    0.00,   11.92
 909,299,   3, 1548.14,    0.00,    2.92,   13.70,   14.17,    0.00,   11.90
 910,300,   3, 1596.88,    0.00,    3.01,   11.10,   14.18,    0.00,   11.88
 911,301,   3, 1596.88,    0.00,    3.01,    9.27,   14.19,    0.00,   11.83
 912,302,   3, 1596.88,    0.00,    3.01,    9.70,   14.20,    0.00,   11.78
 913,303,   3, 1596.88,    0.00,    3.01,    9.07,   14.21,    0.00,   11.73
 914,304,   3, 1596.88,    0.00,    3.01,    9.73,   14.22,    0.00,   11.67
 915,305,   3, 1596.88,    0.00,    3.01,   10.17,   14.24,    0.00,   11.63
 916,306,   3, 1596.88,    0.00,    3.01,   11.50,   14.26,    0.00,   11.59
 917,307,   3, 1645.61,    0.00,    3.10,   10.43,   14.27,    0.00,   11.56
 918,308,   3, 1645.61,    0.00,    3.10,    8.43,   14.28,    0.00,   11.51
 919,309,   3, 1645.61,    0.00,    3.10,    7.87,   14.29,    0.00,   11.45
 920,310,   3, 1645.61,    0.00,    3.10,    8.17,   14.29,    0.00,   11.39
 921,311,   3, 1645.61,    0.00,    3.10,    8.70,   14.31,    0.00,   11.33
 922,312,   3, 1645.61,    0.00,    3.10,    6.60,   14.30,    0.00,   11.27
 923,313,   3, 1645.61,    0.00,    3.10,    7.80,   14.31,    0.00,   11.20
 924,314,   3, 1694.34,    0.00,    3.19,    7.80,   14.31,    0.00,   11.15
 925,315,   3, 1694.34,    0.00,    3.19,    9.10,   14.31,    0.00,   11.09
 926,316,   3, 1694.34,    0.00,    3.19,    8.00,   14.30,    0.00,   11.05
 927,317,   3, 1694.34,    0.00,    3.19,    9.03,   14.30,    0.00,   11.00
 928,318,   3, 1694.34,    0.00,    3.19,    8.30,   14.30,    0.00,   10.95
 929,319,   3, 1694.34,    0.00,    3.19,    7.77,   14.30,    0.00,   10.90
 930,320,   3, 1694.34,    0.00,    3.19,    7.23,   14.31,    0.00,   10.84
 931,321,   3, 1743.08,    0.00,    3.28,    7.70,   14.31,    0.00,   10.79
 932,322,   3, 1743.08,    0.00,    3.28,    9.53,   14.33,    0.00,   10.74
 933,323,   3, 1743.08,    0.00,    3.28,    9.77,   14.34,    0.00,   10.71
 934,324,   3, 1743.08,    0.00,    3.28,    6.60,   14.33,    0.00,   10.67
 935,325,   3, 1743.08,    0.00,    3.28,    5.67,   14.31,    0.00,   10.60
 936,326,   3, 1743.08,    0.00,    3.28,    6.33,   14.29,    0.00,   10.53
 937,327,   3, 1743.08,    0.00,    3.28,    7.10,   14.27,    0.00,   10.48
 938,328,   3, 1791.81,    0.00,    3.37,    5.67,   14.26,    0.00,   10.42
 939,329,   3, 1791.81,    0.00,    3.37,    6.87,   14.26,    0.00,   10.36
 940,330,   3, 1791.81,    0.00,    3.37,    6.90,   14.26,    0.00,   10.31
 941,331,   3, 1791.81,    0.00,    3.37,    7.40,   14.26,    0.00,   10.26
 942,332,   3, 1791.81,    0.00,    3.37,    5.93,   14.26,    0.00,   10.20
 943,333,   3, 1791.81,    0.00,    3.37,    4.27,   14.25,    0.00,   10.14
 944,334,   3, 1791.81,    0.00,    3.37,    3.47,   14.22,    0.00,   10.06
 945,335,   3, 1840.54,    0.00,    3.47,    3.53,   14.19,    0.00,    9.98
 946,336,   3, 1840.55,    0.00,    3.47,    4.97,   14.16,    0.00,    9.90
 947,337,   3, 1840.55,    0.00,    3.47,    4.73,   14.13,    0.00,    9.84
 948,338,   3, 1840.55,    0.00,    3.47,    3.90,   14.09,    0.00,    9.77
 949,339,   3, 1840.55,    0.00,    3.47,    3.63,   14.05,    0.00,    9.70
 950,340,   3, 1840.55,    0.00,    3.47,    3.63,   14.01,    0.00,    9.62
 951,341,   3, 1840.55,    0.00,    3.47,    5.07,   13.98,    0.00,    9.56
 952,342,   3, 1889.28,    0.00,    3.56,    6.20,   13.95,    0.00,    9.51
 953,343,   3, 1889.28,    0.00,    3.56,    3.97,   13.92,    0.00,    9.45
 954,344,   3, 1889.28,    0.00,    3.56,    3.03,   13.89,    0.00,    9.38
 955,345,   3, 1889.28,    0.00,    3.56,    3.77,   13.86,    0.00,    9.31
 956,346,   3, 1889.28,    0.00,    3.56,    5.33,   13.84,    0.00,    9.25
 957,347,   3, 1889.28,    0.00,    3.56,    7.00,   13.83,    0.00,    9.21
 958,348,   3, 1889.28,    0.00,    3.56,    7.30,   13.82,    0.00,    9.18
 959,349,   3, 1938.01,    0.00,    3.65,    8.87,   13.81,    0.00,    9.15
 960,350,   3, 1938.01,    0.00,    3.65,    7.40,   13.81,    0.00,    9.13
 961,351,   3, 1938.01,    0.00,    3.65,    8.27,   13.80,    0.00,    9.11
 962,352,   3, 1938.01,    0.00,    3.65,    7.30,   13.80,    0.00,    9.08
 963,353,   3, 1938.01,    0.00,    3.65,    8.43,   13.80,    0.00,    9.06
 964,354,   3, 1938.01,    0.00,    3.65,    7.37,   13.80,    0.00,    9.03
 965,355,   3, 1938.01,    0.00,    3.65,    4.53,   13.78,    0.00,    8.99
 966,356,   3, 1986.75,    0.00,    3.74,    4.43,   13.75,    0.00,    8.94
 967,357,   3, 1986.75,    0.00,    3.74,    6.93,   13.72,    0.00,    8.90
 968,358,   3, 1986.75,    0.00,    3.74,    9.00,   13.69,    0.00,    8.88
 969,359,   3, 1986.75,    0.00,    3.74,    4.07,   13.66,    0.00,    8.84
 970,360,   3, 1986.75,    0.00,    3.74,    2.67,   13.63,    0.00,    8.78
 971,361,   3, 1986.75,    0.00,    3.74,    4.47,   13.60,    0.00,    8.72
 972,362,   3, 1986.75,    0.00,    3.74,    4.57,   13.58,    0.00,    8.67
 973,363,   3, 2035.48,    0.00,    3.83,    4.77,   13.56,    0.00,    8.63
 974,364,   3, 2035.48,    0.00,    3.83,    7.07,   13.54,    0.00,    8.59
 975,365,   3, 2035.48,    0.00,    3.83,    7.07,   13.53,    0.00,    8.57
 976,  1,   4, 2035.48,    0.00,    3.83,    3.83,   13.49,    0.00,    8.53
 977,  2,   4, 2035.48,    0.00,    3.83,    4.30,   13.45,    0.00,    8.48
 978,  3,   4, 2035.48,    0.00,    3.83,    4.97,   13.41,    0.00,    8.43
 979,  4,   4, 2035.48,    0.00,    3.83,    4.87,   13.37,    0.00,    8.39
 980,  5,   4, 2084.21,    0.00,    3.93,    5.60,   13.33,    0.00,    8.35
 981,  6,   4, 2084.21,    0.00,    3.93,    4.83,   13.28,    0.00,    8.32
 982,  7,   4, 2084.21,    0.00,    3.93,    5.30,   13.25,    0.00,    8.28
 983,  8,   4, 2084.21,    0.00,    3.93,    6.20,   13.22,    0.00,    8.25
 984,  9,   4, 2084.21,    0.00,    3.93,    5.27,   13.18,    0.00,    8.21
 985, 10,   4, 2084.21,    0.00,    3.93,    3.80,   13.14,    0.00,    8.17
 986, 11,   4, 2084.21,    0.00,    3.93,    5.93,   13.10,    0.00,    8.13
 987, 12,   4, 2132.95,    0.00,    4.02,    6.77,   13.08,    0.00,    8.11
 988, 13,   4, 2132.95,    0.00,    4.02,    7.00,   13.04,    0.00,    8.09
 989, 14,   4, 2132.95,    0.00,    4.02,    5.63,   12.99,    0.00,    8.06
 990, 15,   4, 2132.95,    0.00,    4.02,    5.67,   12.93,    0.00,    8.03
 991, 16,   4, 2132.95,    0.00,    4.02,    4.70,   12.86,    0.00,    8.00
 992, 17,   4, 2132.95,    0.00,    4.02,    4.87,   12.80,    0.00,    7.96
 993, 18,   4, 2132.95,    0.00,    4.02,    2.97,   12.73,    0.00,    7.92
 994, 19,   4, 2181.68,    0.00,    4.11,    3.27,   12.68,    0.00,    7.87
 995, 20,   4, 2181.68,    0.00,    4.11,    3.10,   12.63,    0.00,    7.82
 996, 21,   4, 2181.68,    0.00,    4.11,    1.93,   12.58,    0.00,    7.77
 997, 22,   4, 2181.68,    0.00,    4.11,    2.23,   12.52,    0.00,    7.71
 998, 23,   4, 2181.68,    0.00,    4.11,    1.97,   12.45,    0.00,    7.66
 999, 24,   4, 2181.68,    0.00,    4.11,    0.90,   12.39,    0.00,    7.59
1000, 25,   4, 2181.68,    0.00,    4.11,    1.70,   12.32,    0.00,    7.53
1001, 26,   4, 2230.41,    0.00,    4.20,    5.73,   12.28,    0.00,    7.49
1002, 27,   4, 2230.41,    0.00,    4.20,    6.23,   12.23,    0.00,    7.47
1003, 28,   4, 2230.41,    0.00,    4.20,    4.80,   12.17,    0.00,    7.45
1004, 29,   4, 2230.41,    0.00,    4.20,    5.00,   12.12,    0.00,    7.42
1005, 30,   4, 2230.41,    0.00,    4.20,    3.20,   12.05,    0.00,    7.38
1006, 31,   4, 2230.41,    0.00,    4.20,    2.77,   11.97,    0.00,    7.34
1007, 32,   4, 2230.41,    0.00,    4.20,    4.13,   11.90,    0.00,    7.30
1008, 33,   4, 2279.15,    0.00,    4.29,    5.17,   11.84,    0.00,    7.27
1009, 34,   4, 2279.15,    0.00,    4.29,    6.53,   11.79,    0.00,    7.25
1010, 35,   4, 2279.15,    0.00,    4.29,    4.60,   11.74,    0.00,    7.23
1011, 36,   4, 2279.15,    0.00,    4.29,    5.20,   11.69,    0.00,    7.20
1012, 37,   4, 2279.15,    0.00,    4.29,    4.23,   11.63,    0.00,    7.17
1013, 38,   4, 2279.15,    0.00,    4.29,    2.53,   11.55,    0.00,    7.14
1014, 39,   4, 2279.15,    0.00,    4.29,    3.13,   11.47,    0.00,    7.09
1015, 40,   4, 2327.88,    0.00,    4.38,    4.77,   11.40,    0.00,    7.06
1016, 41,   4, 2327.88,    0.00,    4.38,    3.57,   11.33,    0.00,    7.03
1017, 42,   4, 2327.88,    0.00,    4.38,    2.20,   11.25,    0.00,    6.99
1018, 43,   4, 2327.88,    0.00,    4.38,    1.67,   11.17,    0.00,    6.94
1019, 44,   4, 2327.88,    0.00,    4.38,    2.10,   11.11,    0.00,    6.89
1020, 45,   4, 2327.88,    0.00,    4.38,    3.73,   11.05,    0.00,    6.85
1021, 46,   4, 2327.88,    0.00,    4.38,    6.57,   11.01,    0.00,    6.83
1022, 47,   4, 2376.61,    0.00,    4.48,    8.40,   10.97,    0.00,    6.83
1023, 48,   4, 2376.62,    0.00,    4.48,    8.10,   10.93,    0.00,    6.84
1024, 49,   4, 2376.62,    0.00,    4.48,    7.63,   10.89,    0.00,    6.84
1025, 50,   4, 2376.62,    0.00,    4.48,    6.87,   10.84,    0.00,    6.84
1026, 51,   4, 2376.62,    0.00,    4.48,    9.23,   10.81,    0.00,    6.84
1027, 52,   4, 2376.62,    0.00,    4.48,    8.73,   10.78,    0.00,    6.85
1028, 53,   4, 2376.62,    0.00,    4.48,   10.17,   10.76,    0.00,    6.86
1029, 54,   4, 2425.35,    0.00,    4.57,    9.67,   10.73,    0.00,    6.88
1030, 55,   4, 2425.35,    0.00,    4.57,    9.13,   10.69,    0.00,    6.89
1031, 56,   4, 2425.35,    0.00,    4.57,    8.43,   10.66,    0.00,    6.90
1032, 57,   4, 2425.35,    0.00,    4.57,    5.90,   10.61,    0.00,    6.90
1033, 58,   4, 2425.35,    0.00,    4.57,    5.50,   10.56,    0.00,    6.88
1034, 59,   4, 2425.35,    0.00,    4.57,    5.43,   10.51,    0.00,    6.86
1035, 60,   4, 2425.35,    0.00,    4.57,    6.83,   10.47,    0.00,    6.85
1036, 61,   4, 2474.08,    0.00,    4.66,    7.03,   10.42,    0.00,    6.84
1037, 62,   4, 2474.08,    0.00,    4.66,    7.07,   10.37,    0.00,    6.84
1038, 63,   4, 2474.08,    0.00,    4.66,    5.80,   10.31,    0.00,    6.83
1039, 64,   4, 2474.08,    0.00,    4.66,    5.30,   10.25,    0.00,    6.81
1040, 65,   4, 2474.08,    0.00,    4.66,    5.40,   10.20,    0.00,    6.79
1041, 66,   4, 2474.08,    0.00,    4.66,    5.60,   10.14,    0.00,    6.77
1042, 67,   4, 2474.08,    0.00,    4.66,    6.60,   10.09,    0.00,    6.76
1043, 68,   4, 2522.81,    0.00,    4.75,    7.53,   10.03,    0.00,    6.76
1044, 69,   4, 2522.82,    0.00,    4.75,    6.43,    9.96,    0.00,    6.75
1045, 70,   4, 2522.82,    0.00,    4.75,    8.30,    9.90,    0.00,    6.75
1046, 71,   4, 2522.82,    0.00,    4.75,    8.30,    9.85,    0.00,    6.75
1047, 72,   4, 2522.82,    0.00,    4.75,    7.53,    9.81,    0.00,    6.75
1048, 73,   4, 2522.82,    0.00,    4.75,    7.17,    9.76,    0.00,    6.75
1049, 74,   4, 2522.82,    0.00,    4.75,    7.60,    9.71,    0.00,    6.75
1050, 75,   4, 2571.55,    0.00,    4.84,    8.40,    9.67,    0.00,    6.75
1051, 76,   4, 2571.55,    0.00,    4.84,    6.53,    9.61,    0.00,    6.75
1052, 77,   4, 2571.55,    0.00,    4.84,    6.03,    9.56,    0.00,    6.74
1053, 78,   4, 2571.55,    0.00,    4.84,    6.60,    9.52,    0.00,    6.73
1054, 79,   4, 2571.55,    0.00,    4.84,    7.30,    9.48,    0.00,    6.72
1055, 80,   4, 2571.55,    0.00,    4.84,    6.97,    9.43,    0.00,    6.72
1056, 81,   4, 2571.55,    0.00,    4.84,    6.60,    9.37,    0.00,    6.71
1057, 82,   4, 2620.28,    0.00,    4.94,    6.40,    9.31,    0.00,    6.70
1058, 83,   4, 2620.28,    0.00,    4.94,    5.63,    9.25,    0.00,    6.69
1059, 84,   4, 2620.28,    0.00,    4.94,    6.93,    9.19,    0.00,    6.68
1060, 85,   4, 2620.28,    0.00,    4.94,    7.50,    9.13,    0.00,    6.68
1061, 86,   4, 2620.28,    0.00,    4.94,    7.60,    9.07,    0.00,    6.67
1062, 87,   4, 2620.28,    0.00,    4.94,    8.90,    9.02,    0.00,    6.68
1063, 88,   4, 2620.28,    0.00,    4.94,    9.57,    8.98,    0.00,    6.69
1064, 89,   4, 2669.02,    0.00,    5.03,    9.07,    8.93,    0.00,    6.70
1065, 90,   4, 2669.02,    0.00,    5.03,    8.60,    8.88,    0.00,    6.71
1066, 91,   4,  133.45,    0.00,    0.25,    6.93,    8.83,    0.00,    6.63
1067, 92,   4,  133.45,    0.00,    0.25,    6.17,    8.78,    0.00,    6.43
1068, 93,   4,  133.45,    0.00,    0.25,    6.77,    8.73,    0.00,    6.26
1069, 94,   4,  133.45,    0.00,    0.25,    6.17,    8.68,    0.00,    6.10
1070, 95,   4,  133.45,    0.00,    0.25,    6.43,    8.63,    0.00,    5.95
1071, 96,   4,  182.18,    0.00,    0.34,    8.57,    8.58,    0.00,    5.97
1072, 97,   4,  182.18,    0.00,    0.34,   10.93,    8.55,    0.00,    6.17
1073, 98,   4,  182.18,    0.00,    0.34,   10.67,    8.51,    0.00,    6.44
1074, 99,   4,  182.18,    0.00,    0.34,   10.80,    8.48,    0.00,    6.67
1075,100,   4,  182.18,    0.00,    0.34,    8.10,    8.44,    0.00,    6.76
1076,101,   4,  182.18,    0.00,    0.34,    7.27,    8.39,    0.00,    6.70
1077,102,   4,  182.18,    0.00,    0.34,    7.00,    8.33,    0.00,    6.60
1078,103,   4,  230.92,    0.00,    0.43,    7.03,    8.28,    0.00,    6.50
1079,104,   4,  230.92,    0.00,    0.43,    5.93,    8.24,    0.00,    6.39
1080,105,   4,  230.92,    0.00,    0.43,    7.30,    8.20,    0.00,    6.31
1081,106,   4,  230.92,    0.00,    0.43,    9.17,    8.16,    0.00,    6.34
1082,107,   4,  230.92,    0.00,    0.43,   10.93,    8.14,    0.00,    6.49
1083,108,   4,  230.92,    0.00,    0.43,   11.87,    8.13,    0.00,    6.72
1084,109,   4,  230.92,    0.00,    0.43,   12.43,    8.11,    0.00,    6.98
1085,110,   4,  279.65,    0.00,    0.53,   13.60,    8.10,    0.00,    7.26
1086,111,   4,  279.65,    0.00,    0.53,   11.97,    8.09,    0.00,    7.47
1087,112,   4,  279.65,    0.00,    0.53,   12.53,    8.08,    0.00,    7.64
1088,113,   4,  279.65,    0.00,    0.53,   12.67,    8.06,    0.00,    7.81
1089,114,   4,  279.65,    0.00,    0.53,   13.37,    8.05,    0.00,    8.00
1090,115,   4,  279.65,    0.00,    0.53,   10.57,    8.03,    0.00,    8.10
1091,116,   4,  279.65,    0.00,    0.53,    9.93,    8.00,    0.00,    8.10
1092,117,   4,  328.39,    0.00,    0.62,    9.33,    7.97,    0.00,    8.08
1093,118,   4,  328.39,    0.00,    0.62,   10.80,    7.95,    0.00,    8.07
1094,119,   4,  328.39,    0.00,    0.62,    9.17,    7.93,    0.00,    8.06
1095,120,   4,  329.80,    0.00,    0.62,   10.03,    7.90,    0.00,    8.03
